participant_id,session_id,timepoint,part_id,repetition_id,source_file,start_frame,end_frame,time_sec,end_time_sec,gap_flag,jump_flag,swap_candidate_flag,artifact_flag,unlabeled_burden_flag,marker_set_id,marker_set_mismatch_or_prefix_change_flag,dominant_reason,affected_markers,affected_marker_count
671,T2_P1_R1,T2,P1,R1,671_T2_P1_R1_Take 2026-01-15 04.35.25 PM_005.csv,1050,1057,8.75,8.8083,False,False,False,False,False,f843d515a491ec5b,False,edge_effect,,0
671,T2_P1_R1,T2,P1,R1,671_T2_P1_R1_Take 2026-01-15 04.35.25 PM_005.csv,1058,1535,8.8167,12.7917,True,False,False,False,False,f843d515a491ec5b,False,gaps_over_0p5,671:ChestTop,1
671,T2_P1_R1,T2,P1,R1,671_T2_P1_R1_Take 2026-01-15 04.35.25 PM_005.csv,1536,1543,12.8,12.8583,False,False,False,False,False,f843d515a491ec5b,False,edge_effect,,0
671,T2_P1_R1,T2,P1,R1,671_T2_P1_R1_Take 2026-01-15 04.35.25 PM_005.csv,2725,2725,22.7083,22.7083,False,False,False,True,False,f843d515a491ec5b,False,artifact_sigma,671:RUArmHigh,1
671,T2_P1_R1,T2,P1,R1,671_T2_P1_R1_Take 2026-01-15 04.35.25 PM_005.csv,5305,5305,44.2083,44.2083,False,False,False,True,False,f843d515a491ec5b,False,artifact_sigma,671:WaistRFront,1
671,T2_P1_R1,T2,P1,R1,671_T2_P1_R1_Take 2026-01-15 04.35.25 PM_005.csv,7113,7113,59.275,59.275,False,False,False,True,False,f843d515a491ec5b,False,artifact_sigma,671:ChestTop,1
671,T2_P1_R1,T2,P1,R1,671_T2_P1_R1_Take 2026-01-15 04.35.25 PM_005.csv,7535,7535,62.7917,62.7917,False,False,False,True,False,f843d515a491ec5b,False,artifact_sigma,671:ChestTop,1
671,T2_P1_R1,T2,P1,R1,671_T2_P1_R1_Take 2026-01-15 04.35.25 PM_005.csv,10540,10544,87.8333,87.8667,False,False,True,False,False,f843d515a491ec5b,False,segment_swap,BackRight__RShoulderBack,1
671,T2_P1_R1,T2,P1,R1,671_T2_P1_R1_Take 2026-01-15 04.35.25 PM_005.csv,10545,10545,87.875,87.875,False,False,False,True,False,f843d515a491ec5b,False,artifact_sigma,671:RShoulderBack,1
671,T2_P1_R1,T2,P1,R1,671_T2_P1_R1_Take 2026-01-15 04.35.25 PM_005.csv,14310,14317,119.25,119.3083,False,False,False,False,False,f843d515a491ec5b,False,edge_effect,,0
671,T2_P1_R1,T2,P1,R1,671_T2_P1_R1_Take 2026-01-15 04.35.25 PM_005.csv,14318,14383,119.3167,119.8583,True,False,False,False,False,f843d515a491ec5b,False,gaps_over_0p5,671:ChestLow,1
671,T2_P1_R1,T2,P1,R1,671_T2_P1_R1_Take 2026-01-15 04.35.25 PM_005.csv,14384,14391,119.8667,119.925,False,False,False,False,False,f843d515a491ec5b,False,edge_effect,,0
671,T2_P1_R1,T2,P1,R1,671_T2_P1_R1_Take 2026-01-15 04.35.25 PM_005.csv,14495,14495,120.7917,120.7917,False,False,False,True,False,f843d515a491ec5b,False,artifact_sigma,671:ChestLow,1
671,T2_P1_R1,T2,P1,R1,671_T2_P1_R1_Take 2026-01-15 04.35.25 PM_005.csv,14724,14724,122.7,122.7,False,False,False,True,False,f843d515a491ec5b,False,artifact_sigma,671:ChestLow;671:LHandIn,2
671,T2_P1_R1,T2,P1,R1,671_T2_P1_R1_Take 2026-01-15 04.35.25 PM_005.csv,15658,15666,130.4833,130.55,False,False,True,False,False,f843d515a491ec5b,False,segment_swap,RHandIn__RHandOut;RHandIn__RWristOut,2
671,T2_P1_R1,T2,P1,R1,671_T2_P1_R1_Take 2026-01-15 04.35.25 PM_005.csv,15914,15914,132.6167,132.6167,False,False,False,True,False,f843d515a491ec5b,False,artifact_sigma,671:ChestLow,1
671,T2_P1_R1,T2,P1,R1,671_T2_P1_R1_Take 2026-01-15 04.35.25 PM_005.csv,16064,16064,133.8667,133.8667,False,False,False,True,False,f843d515a491ec5b,False,artifact_sigma,671:ChestLow,1
671,T2_P1_R1,T2,P1,R1,671_T2_P1_R1_Take 2026-01-15 04.35.25 PM_005.csv,16215,16215,135.125,135.125,False,False,False,True,False,f843d515a491ec5b,False,artifact_sigma,671:ChestLow,1
671,T2_P1_R1,T2,P1,R1,671_T2_P1_R1_Take 2026-01-15 04.35.25 PM_005.csv,16254,16254,135.45,135.45,False,False,False,True,False,f843d515a491ec5b,False,artifact_sigma,671:ChestTop,1
671,T2_P1_R1,T2,P1,R1,671_T2_P1_R1_Take 2026-01-15 04.35.25 PM_005.csv,16386,16387,136.55,136.5583,False,False,True,False,False,f843d515a491ec5b,False,segment_swap,671:ChestLow;RHandIn__RHandOut;RHandIn__RWristOut,3
671,T2_P1_R1,T2,P1,R1,671_T2_P1_R1_Take 2026-01-15 04.35.25 PM_005.csv,17183,17183,143.1917,143.1917,False,False,False,True,False,f843d515a491ec5b,False,artifact_sigma,671:ChestLow,1
671,T2_P1_R1,T2,P1,R1,671_T2_P1_R1_Take 2026-01-15 04.35.25 PM_005.csv,17191,17191,143.2583,143.2583,False,False,False,True,False,f843d515a491ec5b,False,artifact_sigma,671:ChestLow,1
671,T2_P1_R1,T2,P1,R1,671_T2_P1_R1_Take 2026-01-15 04.35.25 PM_005.csv,17210,17220,143.4167,143.5,False,False,True,False,False,f843d515a491ec5b,False,segment_swap,ChestLow__WaistCBack,1
671,T2_P1_R1,T2,P1,R1,671_T2_P1_R1_Take 2026-01-15 04.35.25 PM_005.csv,17221,17221,143.5083,143.5083,False,False,True,True,False,f843d515a491ec5b,False,segment_swap,671:ChestTop;ChestLow__WaistCBack,2
671,T2_P1_R1,T2,P1,R1,671_T2_P1_R1_Take 2026-01-15 04.35.25 PM_005.csv,17222,17231,143.5167,143.5917,False,False,True,False,False,f843d515a491ec5b,False,segment_swap,ChestLow__WaistCBack,1
671,T2_P1_R1,T2,P1,R1,671_T2_P1_R1_Take 2026-01-15 04.35.25 PM_005.csv,17265,17265,143.875,143.875,False,False,False,True,False,f843d515a491ec5b,False,artifact_sigma,671:ChestTop,1
671,T2_P1_R1,T2,P1,R1,671_T2_P1_R1_Take 2026-01-15 04.35.25 PM_005.csv,17649,17649,147.075,147.075,False,False,False,True,False,f843d515a491ec5b,False,artifact_sigma,671:ChestLow,1
671,T2_P1_R1,T2,P1,R1,671_T2_P1_R1_Take 2026-01-15 04.35.25 PM_005.csv,17679,17679,147.325,147.325,False,False,False,True,False,f843d515a491ec5b,False,artifact_sigma,671:ChestTop,1
671,T2_P1_R1,T2,P1,R1,671_T2_P1_R1_Take 2026-01-15 04.35.25 PM_005.csv,17830,17830,148.5833,148.5833,False,False,False,True,False,f843d515a491ec5b,False,artifact_sigma,671:ChestTop,1
671,T2_P1_R1,T2,P1,R1,671_T2_P1_R1_Take 2026-01-15 04.35.25 PM_005.csv,18019,18027,150.1583,150.225,False,False,True,False,False,f843d515a491ec5b,False,segment_swap,LHandIn__LHandOut;LHandIn__LWristOut,2
671,T2_P1_R1,T2,P1,R1,671_T2_P1_R1_Take 2026-01-15 04.35.25 PM_005.csv,18029,18035,150.2417,150.2917,False,False,True,False,False,f843d515a491ec5b,False,segment_swap,LHandIn__LHandOut;LHandIn__LWristOut,2
671,T2_P1_R1,T2,P1,R1,671_T2_P1_R1_Take 2026-01-15 04.35.25 PM_005.csv,18532,18536,154.4333,154.4667,False,False,True,False,False,f843d515a491ec5b,False,segment_swap,LHandIn__LHandOut;LHandIn__LWristOut,2
671,T2_P1_R1,T2,P1,R1,671_T2_P1_R1_Take 2026-01-15 04.35.25 PM_005.csv,18549,18549,154.575,154.575,False,False,False,True,False,f843d515a491ec5b,False,artifact_sigma,671:ChestLow,1
671,T2_P1_R1,T2,P1,R1,671_T2_P1_R1_Take 2026-01-15 04.35.25 PM_005.csv,18591,18591,154.925,154.925,False,False,False,True,False,f843d515a491ec5b,False,artifact_sigma,671:ChestTop,1
671,T2_P1_R1,T2,P1,R1,671_T2_P1_R1_Take 2026-01-15 04.35.25 PM_005.csv,19463,19514,162.1917,162.6167,False,False,True,False,False,f843d515a491ec5b,False,segment_swap,LKneeOut__LThighFront,1
671,T2_P1_R1,T2,P1,R1,671_T2_P1_R1_Take 2026-01-15 04.35.25 PM_005.csv,19960,19962,166.3333,166.35,False,False,True,False,False,f843d515a491ec5b,False,segment_swap,RHandIn__RHandOut;RHandIn__RWristOut,2
671,T2_P1_R1,T2,P1,R1,671_T2_P1_R1_Take 2026-01-15 04.35.25 PM_005.csv,20017,20017,166.8083,166.8083,False,False,False,True,False,f843d515a491ec5b,False,artifact_sigma,671:HeadLeft,1
671,T2_P1_R1,T2,P1,R1,671_T2_P1_R1_Take 2026-01-15 04.35.25 PM_005.csv,20244,20244,168.7,168.7,False,False,False,True,False,f843d515a491ec5b,False,artifact_sigma,671:WaistLFront,1
671,T2_P1_R1,T2,P1,R1,671_T2_P1_R1_Take 2026-01-15 04.35.25 PM_005.csv,20339,20339,169.4917,169.4917,False,False,False,True,False,f843d515a491ec5b,False,artifact_sigma,671:LShoulderTop,1
671,T2_P1_R1,T2,P1,R1,671_T2_P1_R1_Take 2026-01-15 04.35.25 PM_005.csv,20388,20388,169.9,169.9,False,False,False,True,False,f843d515a491ec5b,False,artifact_sigma,671:RShin,1
671,T2_P1_R1,T2,P1,R1,671_T2_P1_R1_Take 2026-01-15 04.35.25 PM_005.csv,20393,20393,169.9417,169.9417,False,False,False,True,False,f843d515a491ec5b,False,artifact_sigma,671:RShin,1
671,T2_P1_R1,T2,P1,R1,671_T2_P1_R1_Take 2026-01-15 04.35.25 PM_005.csv,20395,20395,169.9583,169.9583,False,False,False,True,False,f843d515a491ec5b,False,artifact_sigma,671:RShin,1
671,T2_P1_R1,T2,P1,R1,671_T2_P1_R1_Take 2026-01-15 04.35.25 PM_005.csv,20482,20482,170.6833,170.6833,False,False,False,True,False,f843d515a491ec5b,False,artifact_sigma,671:RAnkleOut,1
671,T2_P1_R1,T2,P1,R1,671_T2_P1_R1_Take 2026-01-15 04.35.25 PM_005.csv,20486,20486,170.7167,170.7167,False,False,False,True,False,f843d515a491ec5b,False,artifact_sigma,671:RAnkleOut,1
671,T2_P1_R1,T2,P1,R1,671_T2_P1_R1_Take 2026-01-15 04.35.25 PM_005.csv,20488,20491,170.7333,170.7583,False,False,False,True,False,f843d515a491ec5b,False,artifact_sigma,671:RAnkleOut;671:RToeIn,2
671,T2_P1_R1,T2,P1,R1,671_T2_P1_R1_Take 2026-01-15 04.35.25 PM_005.csv,20686,20686,172.3833,172.3833,False,False,False,True,False,f843d515a491ec5b,False,artifact_sigma,671:LHandIn,1
671,T2_P1_R1,T2,P1,R1,671_T2_P1_R1_Take 2026-01-15 04.35.25 PM_005.csv,20719,20745,172.6583,172.875,True,False,False,False,False,f843d515a491ec5b,False,gaps_over_0p2,671:WaistRFront,1
671,T2_P1_R1,T2,P1,R1,671_T2_P1_R1_Take 2026-01-15 04.35.25 PM_005.csv,20751,20751,172.925,172.925,False,False,False,True,False,f843d515a491ec5b,False,artifact_sigma,671:HeadLeft,1
671,T2_P1_R1,T2,P1,R1,671_T2_P1_R1_Take 2026-01-15 04.35.25 PM_005.csv,20753,20753,172.9417,172.9417,False,False,False,True,False,f843d515a491ec5b,False,artifact_sigma,671:HeadLeft,1
671,T2_P1_R1,T2,P1,R1,671_T2_P1_R1_Take 2026-01-15 04.35.25 PM_005.csv,20756,20757,172.9667,172.975,False,False,False,True,False,f843d515a491ec5b,False,artifact_sigma,671:HeadLeft;671:HeadRight;671:HeadTop,3
671,T2_P1_R1,T2,P1,R1,671_T2_P1_R1_Take 2026-01-15 04.35.25 PM_005.csv,20759,20760,172.9917,173.0,False,False,False,True,False,f843d515a491ec5b,False,artifact_sigma,671:HeadLeft;671:HeadRight,2
671,T2_P1_R1,T2,P1,R1,671_T2_P1_R1_Take 2026-01-15 04.35.25 PM_005.csv,20765,20765,173.0417,173.0417,False,False,False,True,False,f843d515a491ec5b,False,artifact_sigma,671:HeadFront,1
671,T2_P1_R1,T2,P1,R1,671_T2_P1_R1_Take 2026-01-15 04.35.25 PM_005.csv,21201,21201,176.675,176.675,False,False,False,True,False,f843d515a491ec5b,False,artifact_sigma,671:WaistLFront,1
671,T2_P1_R1,T2,P1,R1,671_T2_P1_R1_Take 2026-01-15 04.35.25 PM_005.csv,21832,21832,181.9333,181.9333,False,False,False,True,False,f843d515a491ec5b,False,artifact_sigma,671:RShoulderBack,1
671,T2_P1_R1,T2,P1,R1,671_T2_P1_R1_Take 2026-01-15 04.35.25 PM_005.csv,22874,22901,190.6167,190.8417,True,False,False,False,False,f843d515a491ec5b,False,gaps_over_0p2,671:RHandIn,1
671,T2_P1_R1,T2,P1,R1,671_T2_P1_R1_Take 2026-01-15 04.35.25 PM_005.csv,22986,23015,191.55,191.7917,True,False,False,False,False,f843d515a491ec5b,False,gaps_over_0p2,671:WaistLFront,1
671,T2_P1_R1,T2,P1,R1,671_T2_P1_R1_Take 2026-01-15 04.35.25 PM_005.csv,23016,23016,191.8,191.8,True,False,False,True,False,f843d515a491ec5b,False,artifact_sigma,671:ChestTop;671:WaistLFront,2
671,T2_P1_R1,T2,P1,R1,671_T2_P1_R1_Take 2026-01-15 04.35.25 PM_005.csv,23017,23030,191.8083,191.9167,True,False,False,False,False,f843d515a491ec5b,False,gaps_over_0p2,671:WaistLFront,1
671,T2_P1_R1,T2,P1,R1,671_T2_P1_R1_Take 2026-01-15 04.35.25 PM_005.csv,24183,24263,201.525,202.1917,False,False,True,False,False,f843d515a491ec5b,False,segment_swap,LKneeOut__LThighFront,1
671,T2_P1_R1,T2,P1,R1,671_T2_P1_R1_Take 2026-01-15 04.35.25 PM_005.csv,24428,24474,203.5667,203.95,False,False,True,False,False,f843d515a491ec5b,False,segment_swap,671:RHandIn;LKneeOut__LThighFront,2
671,T2_P1_R1,T2,P1,R1,671_T2_P1_R1_Take 2026-01-15 04.35.25 PM_005.csv,24561,24565,204.675,204.7083,False,False,True,False,False,f843d515a491ec5b,False,segment_swap,LShoulderTop__LUArmHigh,1
671,T2_P1_R1,T2,P1,R1,671_T2_P1_R1_Take 2026-01-15 04.35.25 PM_005.csv,24566,24566,204.7167,204.7167,False,False,False,True,False,f843d515a491ec5b,False,artifact_sigma,671:LUArmHigh,1
671,T2_P1_R1,T2,P1,R1,671_T2_P1_R1_Take 2026-01-15 04.35.25 PM_005.csv,24818,24859,206.8167,207.1583,False,False,True,False,False,f843d515a491ec5b,False,segment_swap,LKneeOut__LThighFront,1
671,T2_P1_R1,T2,P1,R1,671_T2_P1_R1_Take 2026-01-15 04.35.25 PM_005.csv,24860,24860,207.1667,207.1667,False,False,True,True,False,f843d515a491ec5b,False,segment_swap,671:LThighFront;LKneeOut__LThighFront,2
671,T2_P1_R1,T2,P1,R1,671_T2_P1_R1_Take 2026-01-15 04.35.25 PM_005.csv,24861,24883,207.175,207.3583,False,False,True,False,False,f843d515a491ec5b,False,segment_swap,LKneeOut__LThighFront,1
671,T2_P1_R1,T2,P1,R1,671_T2_P1_R1_Take 2026-01-15 04.35.25 PM_005.csv,24935,24945,207.7917,207.875,False,False,True,False,False,f843d515a491ec5b,False,segment_swap,LHandIn__LHandOut,1
671,T2_P1_R1,T2,P1,R1,671_T2_P1_R1_Take 2026-01-15 04.35.25 PM_005.csv,25037,25044,208.6417,208.7,False,False,True,False,False,f843d515a491ec5b,False,segment_swap,RHandIn__RHandOut,1
671,T2_P1_R1,T2,P1,R1,671_T2_P1_R1_Take 2026-01-15 04.35.25 PM_005.csv,25084,25084,209.0333,209.0333,False,False,False,True,False,f843d515a491ec5b,False,artifact_sigma,671:WaistLFront,1
671,T2_P1_R1,T2,P1,R1,671_T2_P1_R1_Take 2026-01-15 04.35.25 PM_005.csv,25357,25365,211.3083,211.375,False,False,True,False,False,f843d515a491ec5b,False,segment_swap,LHandIn__LHandOut,1
671,T2_P1_R1,T2,P1,R1,671_T2_P1_R1_Take 2026-01-15 04.35.25 PM_005.csv,25414,25418,211.7833,211.8167,False,False,True,False,False,f843d515a491ec5b,False,segment_swap,LKneeOut__LThighFront,1
671,T2_P1_R1,T2,P1,R1,671_T2_P1_R1_Take 2026-01-15 04.35.25 PM_005.csv,25659,25708,213.825,214.2333,False,False,True,False,False,f843d515a491ec5b,False,segment_swap,LHandIn__LHandOut;LKneeOut__LThighFront,2
671,T2_P1_R1,T2,P1,R1,671_T2_P1_R1_Take 2026-01-15 04.35.25 PM_005.csv,27045,27045,225.375,225.375,False,False,False,True,False,f843d515a491ec5b,False,artifact_sigma,671:LShoulderTop,1
671,T2_P1_R1,T2,P1,R1,671_T2_P1_R1_Take 2026-01-15 04.35.25 PM_005.csv,27066,27068,225.55,225.5667,False,False,True,False,False,f843d515a491ec5b,False,segment_swap,LHandIn__LHandOut,1
671,T2_P1_R1,T2,P1,R1,671_T2_P1_R1_Take 2026-01-15 04.35.25 PM_005.csv,27125,27126,226.0417,226.05,False,False,True,False,False,f843d515a491ec5b,False,segment_swap,LHandIn__LWristOut,1
671,T2_P1_R1,T2,P1,R1,671_T2_P1_R1_Take 2026-01-15 04.35.25 PM_005.csv,27455,27457,228.7917,228.8083,False,False,True,False,False,f843d515a491ec5b,False,segment_swap,LHandIn__LWristOut,1
671,T2_P1_R1,T2,P1,R1,671_T2_P1_R1_Take 2026-01-15 04.35.25 PM_005.csv,27545,27545,229.5417,229.5417,False,False,False,True,False,f843d515a491ec5b,False,artifact_sigma,671:WaistLBack,1
671,T2_P1_R1,T2,P1,R1,671_T2_P1_R1_Take 2026-01-15 04.35.25 PM_005.csv,27548,27548,229.5667,229.5667,False,False,False,True,False,f843d515a491ec5b,False,artifact_sigma,671:LThighSide,1
671,T2_P1_R1,T2,P1,R1,671_T2_P1_R1_Take 2026-01-15 04.35.25 PM_005.csv,27590,27592,229.9167,229.9333,False,False,True,False,False,f843d515a491ec5b,False,segment_swap,671:RHandIn;LHandIn__LWristOut,2
671,T2_P1_R1,T2,P1,R1,671_T2_P1_R1_Take 2026-01-15 04.35.25 PM_005.csv,27628,27628,230.2333,230.2333,False,False,False,True,False,f843d515a491ec5b,False,artifact_sigma,671:LKneeOut,1
671,T2_P1_R1,T2,P1,R1,671_T2_P1_R1_Take 2026-01-15 04.35.25 PM_005.csv,27760,27762,231.3333,231.35,False,False,True,False,False,f843d515a491ec5b,False,segment_swap,LHandIn__LHandOut;LHandIn__LWristOut,2
671,T2_P1_R1,T2,P1,R1,671_T2_P1_R1_Take 2026-01-15 04.35.25 PM_005.csv,27763,27763,231.3583,231.3583,False,False,False,True,False,f843d515a491ec5b,False,artifact_sigma,671:LHandIn,1
671,T2_P1_R1,T2,P1,R1,671_T2_P1_R1_Take 2026-01-15 04.35.25 PM_005.csv,27791,27793,231.5917,231.6083,False,False,True,False,False,f843d515a491ec5b,False,segment_swap,LHandIn__LWristOut,1
671,T2_P1_R1,T2,P1,R1,671_T2_P1_R1_Take 2026-01-15 04.35.25 PM_005.csv,27794,27794,231.6167,231.6167,False,False,True,True,False,f843d515a491ec5b,False,segment_swap,671:LThighSide;LHandIn__LWristOut,2
671,T2_P1_R1,T2,P1,R1,671_T2_P1_R1_Take 2026-01-15 04.35.25 PM_005.csv,27824,27824,231.8667,231.8667,False,False,True,False,False,f843d515a491ec5b,False,segment_swap,LHandIn__LWristOut,1
671,T2_P1_R1,T2,P1,R1,671_T2_P1_R1_Take 2026-01-15 04.35.25 PM_005.csv,27858,27859,232.15,232.1583,False,False,True,False,False,f843d515a491ec5b,False,segment_swap,LHandIn__LWristOut,1
671,T2_P1_R1,T2,P1,R1,671_T2_P1_R1_Take 2026-01-15 04.35.25 PM_005.csv,27987,27988,233.225,233.2333,False,False,False,True,False,f843d515a491ec5b,False,artifact_sigma,671:LThighFront;671:WaistLFront,2
671,T2_P1_R1,T2,P1,R1,671_T2_P1_R1_Take 2026-01-15 04.35.25 PM_005.csv,28011,28011,233.425,233.425,False,False,True,False,False,f843d515a491ec5b,False,segment_swap,LKneeOut__LThighFront,1
671,T2_P1_R1,T2,P1,R1,671_T2_P1_R1_Take 2026-01-15 04.35.25 PM_005.csv,28012,28013,233.4333,233.4417,False,False,True,True,False,f843d515a491ec5b,False,segment_swap,671:LAnkleOut;671:LToeOut;LKneeOut__LThighFront,3
671,T2_P1_R1,T2,P1,R1,671_T2_P1_R1_Take 2026-01-15 04.35.25 PM_005.csv,28014,28025,233.45,233.5417,False,False,True,False,False,f843d515a491ec5b,False,segment_swap,LKneeOut__LThighFront,1
671,T2_P1_R1,T2,P1,R1,671_T2_P1_R1_Take 2026-01-15 04.35.25 PM_005.csv,28026,28027,233.55,233.5583,False,False,False,True,False,f843d515a491ec5b,False,artifact_sigma,671:LShin;671:LToeIn,2
671,T2_P1_R1,T2,P1,R1,671_T2_P1_R1_Take 2026-01-15 04.35.25 PM_005.csv,28029,28029,233.575,233.575,False,False,False,True,False,f843d515a491ec5b,False,artifact_sigma,671:LAnkleOut;671:LToeIn;671:LToeOut;671:LToeTip,4
671,T2_P1_R1,T2,P1,R1,671_T2_P1_R1_Take 2026-01-15 04.35.25 PM_005.csv,28031,28031,233.5917,233.5917,False,False,False,True,False,f843d515a491ec5b,False,artifact_sigma,671:LAnkleOut;671:LHeel,2
671,T2_P1_R1,T2,P1,R1,671_T2_P1_R1_Take 2026-01-15 04.35.25 PM_005.csv,28036,28036,233.6333,233.6333,False,False,False,True,False,f843d515a491ec5b,False,artifact_sigma,671:LThighSide,1
671,T2_P1_R1,T2,P1,R1,671_T2_P1_R1_Take 2026-01-15 04.35.25 PM_005.csv,28041,28041,233.675,233.675,False,False,False,True,False,f843d515a491ec5b,False,artifact_sigma,671:LThighSide,1
671,T2_P1_R1,T2,P1,R1,671_T2_P1_R1_Take 2026-01-15 04.35.25 PM_005.csv,28052,28054,233.7667,233.7833,False,False,False,True,False,f843d515a491ec5b,False,artifact_sigma,671:RFArm;671:RHandOut;671:RWristOut,3
671,T2_P1_R1,T2,P1,R1,671_T2_P1_R1_Take 2026-01-15 04.35.25 PM_005.csv,28060,28060,233.8333,233.8333,False,False,False,True,False,f843d515a491ec5b,False,artifact_sigma,671:RHandIn,1
671,T2_P1_R1,T2,P1,R1,671_T2_P1_R1_Take 2026-01-15 04.35.25 PM_005.csv,28063,28064,233.8583,233.8667,False,False,False,True,False,f843d515a491ec5b,False,artifact_sigma,671:LWristOut;671:RHandIn;671:RHandOut;671:RWristOut,4
671,T2_P1_R1,T2,P1,R1,671_T2_P1_R1_Take 2026-01-15 04.35.25 PM_005.csv,28066,28066,233.8833,233.8833,False,False,False,True,False,f843d515a491ec5b,False,artifact_sigma,671:LHandIn,1
671,T2_P1_R1,T2,P1,R1,671_T2_P1_R1_Take 2026-01-15 04.35.25 PM_005.csv,28071,28071,233.925,233.925,False,False,False,True,False,f843d515a491ec5b,False,artifact_sigma,671:LHandOut,1
671,T2_P1_R1,T2,P1,R1,671_T2_P1_R1_Take 2026-01-15 04.35.25 PM_005.csv,28075,28076,233.9583,233.9667,False,False,False,True,False,f843d515a491ec5b,False,artifact_sigma,671:LHandIn;671:RHandIn,2
671,T2_P1_R1,T2,P1,R1,671_T2_P1_R1_Take 2026-01-15 04.35.25 PM_005.csv,28077,28078,233.975,233.9833,False,False,True,False,False,f843d515a491ec5b,False,segment_swap,LHandIn__LHandOut;LHandIn__LWristOut,2
671,T2_P1_R1,T2,P1,R1,671_T2_P1_R1_Take 2026-01-15 04.35.25 PM_005.csv,28094,28094,234.1167,234.1167,False,False,False,True,False,f843d515a491ec5b,False,artifact_sigma,671:RUArmHigh,1
671,T2_P1_R1,T2,P1,R1,671_T2_P1_R1_Take 2026-01-15 04.35.25 PM_005.csv,28104,28104,234.2,234.2,False,False,False,True,False,f843d515a491ec5b,False,artifact_sigma,671:RFArm,1
671,T2_P1_R1,T2,P1,R1,671_T2_P1_R1_Take 2026-01-15 04.35.25 PM_005.csv,28110,28111,234.25,234.2583,False,False,False,True,False,f843d515a491ec5b,False,artifact_sigma,671:LElbowOut;671:RHandIn,2
671,T2_P1_R1,T2,P1,R1,671_T2_P1_R1_Take 2026-01-15 04.35.25 PM_005.csv,28114,28114,234.2833,234.2833,False,False,False,True,False,f843d515a491ec5b,False,artifact_sigma,671:RHandIn,1
671,T2_P1_R1,T2,P1,R1,671_T2_P1_R1_Take 2026-01-15 04.35.25 PM_005.csv,28122,28122,234.35,234.35,False,False,False,True,False,f843d515a491ec5b,False,artifact_sigma,671:RHandIn;671:RHandOut,2
671,T2_P1_R1,T2,P1,R1,671_T2_P1_R1_Take 2026-01-15 04.35.25 PM_005.csv,28125,28126,234.375,234.3833,False,False,True,False,False,f843d515a491ec5b,False,segment_swap,RHandIn__RHandOut;RHandIn__RWristOut,2
671,T2_P1_R1,T2,P1,R1,671_T2_P1_R1_Take 2026-01-15 04.35.25 PM_005.csv,28127,28127,234.3917,234.3917,False,False,False,True,False,f843d515a491ec5b,False,artifact_sigma,671:RHandIn,1
671,T2_P1_R1,T2,P1,R1,671_T2_P1_R1_Take 2026-01-15 04.35.25 PM_005.csv,28152,28152,234.6,234.6,False,False,True,False,False,f843d515a491ec5b,False,segment_swap,LHandIn__LWristOut,1
671,T2_P1_R1,T2,P1,R1,671_T2_P1_R1_Take 2026-01-15 04.35.25 PM_005.csv,28155,28155,234.625,234.625,False,False,False,True,False,f843d515a491ec5b,False,artifact_sigma,671:RHandIn,1
671,T2_P1_R1,T2,P1,R1,671_T2_P1_R1_Take 2026-01-15 04.35.25 PM_005.csv,28183,28187,234.8583,234.8917,False,False,True,False,False,f843d515a491ec5b,False,segment_swap,LHandIn__LWristOut,1
671,T2_P1_R1,T2,P1,R1,671_T2_P1_R1_Take 2026-01-15 04.35.25 PM_005.csv,28214,28216,235.1167,235.1333,False,False,True,False,False,f843d515a491ec5b,False,segment_swap,LHandIn__LWristOut,1
671,T2_P1_R1,T2,P1,R1,671_T2_P1_R1_Take 2026-01-15 04.35.25 PM_005.csv,28252,28252,235.4333,235.4333,False,False,False,True,False,f843d515a491ec5b,False,artifact_sigma,671:RHandIn,1
671,T2_P1_R1,T2,P1,R1,671_T2_P1_R1_Take 2026-01-15 04.35.25 PM_005.csv,28262,28301,235.5167,235.8417,False,False,True,False,False,f843d515a491ec5b,False,segment_swap,LKneeOut__LThighFront,1
671,T2_P1_R1,T2,P1,R1,671_T2_P1_R1_Take 2026-01-15 04.35.25 PM_005.csv,28302,28302,235.85,235.85,False,False,False,True,False,f843d515a491ec5b,False,artifact_sigma,671:WaistLFront,1
671,T2_P1_R1,T2,P1,R1,671_T2_P1_R1_Take 2026-01-15 04.35.25 PM_005.csv,28317,28317,235.975,235.975,False,False,False,True,False,f843d515a491ec5b,False,artifact_sigma,671:LThighFront,1
671,T2_P1_R1,T2,P1,R1,671_T2_P1_R1_Take 2026-01-15 04.35.25 PM_005.csv,28339,28339,236.1583,236.1583,False,False,False,True,False,f843d515a491ec5b,False,artifact_sigma,671:LHandIn,1
671,T2_P1_R1,T2,P1,R1,671_T2_P1_R1_Take 2026-01-15 04.35.25 PM_005.csv,28342,28342,236.1833,236.1833,False,False,False,True,False,f843d515a491ec5b,False,artifact_sigma,671:RElbowOut;671:RUArmHigh,2
671,T2_P1_R1,T2,P1,R1,671_T2_P1_R1_Take 2026-01-15 04.35.25 PM_005.csv,28354,28354,236.2833,236.2833,False,False,False,True,False,f843d515a491ec5b,False,artifact_sigma,671:LThighSide,1
671,T2_P1_R1,T2,P1,R1,671_T2_P1_R1_Take 2026-01-15 04.35.25 PM_005.csv,28429,28429,236.9083,236.9083,False,False,False,True,False,f843d515a491ec5b,False,artifact_sigma,671:RThighFront,1
671,T2_P1_R1,T2,P1,R1,671_T2_P1_R1_Take 2026-01-15 04.35.25 PM_005.csv,28430,28431,236.9167,236.925,False,False,True,False,False,f843d515a491ec5b,False,segment_swap,LHandIn__LWristOut,1
671,T2_P1_R1,T2,P1,R1,671_T2_P1_R1_Take 2026-01-15 04.35.25 PM_005.csv,28433,28433,236.9417,236.9417,False,False,False,True,False,f843d515a491ec5b,False,artifact_sigma,671:RThighFront,1
671,T2_P1_R1,T2,P1,R1,671_T2_P1_R1_Take 2026-01-15 04.35.25 PM_005.csv,28437,28437,236.975,236.975,False,False,False,True,False,f843d515a491ec5b,False,artifact_sigma,671:RThighFront,1
671,T2_P1_R1,T2,P1,R1,671_T2_P1_R1_Take 2026-01-15 04.35.25 PM_005.csv,28439,28439,236.9917,236.9917,False,False,False,True,False,f843d515a491ec5b,False,artifact_sigma,671:RThighFront,1
671,T2_P1_R1,T2,P1,R1,671_T2_P1_R1_Take 2026-01-15 04.35.25 PM_005.csv,28503,28531,237.525,237.7583,False,False,True,False,False,f843d515a491ec5b,False,segment_swap,LKneeOut__LThighFront,1
671,T2_P1_R1,T2,P1,R1,671_T2_P1_R1_Take 2026-01-15 04.35.25 PM_005.csv,28577,28578,238.1417,238.15,False,False,True,False,False,f843d515a491ec5b,False,segment_swap,LHandIn__LWristOut,1
671,T2_P1_R1,T2,P1,R1,671_T2_P1_R1_Take 2026-01-15 04.35.25 PM_005.csv,28587,28587,238.225,238.225,False,False,False,True,False,f843d515a491ec5b,False,artifact_sigma,671:LThighFront,1
671,T2_P1_R1,T2,P1,R1,671_T2_P1_R1_Take 2026-01-15 04.35.25 PM_005.csv,28592,28592,238.2667,238.2667,False,False,False,True,False,f843d515a491ec5b,False,artifact_sigma,671:LThighFront,1
671,T2_P1_R1,T2,P1,R1,671_T2_P1_R1_Take 2026-01-15 04.35.25 PM_005.csv,28609,28612,238.4083,238.4333,False,False,True,False,False,f843d515a491ec5b,False,segment_swap,LHandIn__LWristOut,1
671,T2_P1_R1,T2,P1,R1,671_T2_P1_R1_Take 2026-01-15 04.35.25 PM_005.csv,28664,28664,238.8667,238.8667,False,False,False,True,False,f843d515a491ec5b,False,artifact_sigma,671:RThighSide,1
671,T2_P1_R1,T2,P1,R1,671_T2_P1_R1_Take 2026-01-15 04.35.25 PM_005.csv,28675,28677,238.9583,238.975,False,False,True,False,False,f843d515a491ec5b,False,segment_swap,LHandIn__LWristOut,1
671,T2_P1_R1,T2,P1,R1,671_T2_P1_R1_Take 2026-01-15 04.35.25 PM_005.csv,28704,28704,239.2,239.2,False,False,False,True,False,f843d515a491ec5b,False,artifact_sigma,671:RFArm,1
671,T2_P1_R1,T2,P1,R1,671_T2_P1_R1_Take 2026-01-15 04.35.25 PM_005.csv,28710,28710,239.25,239.25,False,False,False,True,False,f843d515a491ec5b,False,artifact_sigma,671:RHandOut,1
671,T2_P1_R1,T2,P1,R1,671_T2_P1_R1_Take 2026-01-15 04.35.25 PM_005.csv,28747,28747,239.5583,239.5583,False,False,False,True,False,f843d515a491ec5b,False,artifact_sigma,671:ChestLow,1
671,T2_P1_R1,T2,P1,R1,671_T2_P1_R1_Take 2026-01-15 04.35.25 PM_005.csv,28801,28802,240.0083,240.0167,False,False,False,True,False,f843d515a491ec5b,False,artifact_sigma,671:WaistLBack;671:WaistLFront;671:WaistRBack,3
671,T2_P1_R1,T2,P1,R1,671_T2_P1_R1_Take 2026-01-15 04.35.25 PM_005.csv,28805,28807,240.0417,240.0583,False,False,True,False,False,f843d515a491ec5b,False,segment_swap,LHandIn__LWristOut,1
671,T2_P1_R1,T2,P1,R1,671_T2_P1_R1_Take 2026-01-15 04.35.25 PM_005.csv,28842,28842,240.35,240.35,False,False,False,True,False,f843d515a491ec5b,False,artifact_sigma,671:HeadFront,1
671,T2_P1_R1,T2,P1,R1,671_T2_P1_R1_Take 2026-01-15 04.35.25 PM_005.csv,28955,28956,241.2917,241.3,False,False,True,False,False,f843d515a491ec5b,False,segment_swap,LHandIn__LWristOut,1
671,T2_P1_R1,T2,P1,R1,671_T2_P1_R1_Take 2026-01-15 04.35.25 PM_005.csv,28971,28971,241.425,241.425,False,False,False,True,False,f843d515a491ec5b,False,artifact_sigma,671:RKneeOut,1
671,T2_P1_R1,T2,P1,R1,671_T2_P1_R1_Take 2026-01-15 04.35.25 PM_005.csv,28976,28977,241.4667,241.475,False,False,True,False,False,f843d515a491ec5b,False,segment_swap,LHandIn__LWristOut,1
671,T2_P1_R1,T2,P1,R1,671_T2_P1_R1_Take 2026-01-15 04.35.25 PM_005.csv,28991,28991,241.5917,241.5917,False,False,False,True,False,f843d515a491ec5b,False,artifact_sigma,671:RToeTip,1
671,T2_P1_R1,T2,P1,R1,671_T2_P1_R1_Take 2026-01-15 04.35.25 PM_005.csv,29013,29013,241.775,241.775,False,False,False,True,False,f843d515a491ec5b,False,artifact_sigma,671:RHeel;671:RToeOut,2
671,T2_P1_R1,T2,P1,R1,671_T2_P1_R1_Take 2026-01-15 04.35.25 PM_005.csv,29016,29016,241.8,241.8,False,False,False,True,False,f843d515a491ec5b,False,artifact_sigma,671:RHeel;671:RToeTip,2
671,T2_P1_R1,T2,P1,R1,671_T2_P1_R1_Take 2026-01-15 04.35.25 PM_005.csv,29018,29019,241.8167,241.825,False,False,True,False,False,f843d515a491ec5b,False,segment_swap,LHandIn__LWristOut,1
671,T2_P1_R1,T2,P1,R1,671_T2_P1_R1_Take 2026-01-15 04.35.25 PM_005.csv,29087,29087,242.3917,242.3917,False,False,False,True,False,f843d515a491ec5b,False,artifact_sigma,671:HeadTop,1
671,T2_P1_R1,T2,P1,R1,671_T2_P1_R1_Take 2026-01-15 04.35.25 PM_005.csv,29089,29089,242.4083,242.4083,False,False,False,True,False,f843d515a491ec5b,False,artifact_sigma,671:HeadFront;671:HeadTop,2
671,T2_P1_R1,T2,P1,R1,671_T2_P1_R1_Take 2026-01-15 04.35.25 PM_005.csv,29092,29092,242.4333,242.4333,False,False,False,True,False,f843d515a491ec5b,False,artifact_sigma,671:LHandIn,1
671,T2_P1_R1,T2,P1,R1,671_T2_P1_R1_Take 2026-01-15 04.35.25 PM_005.csv,29120,29121,242.6667,242.675,False,False,False,True,False,f843d515a491ec5b,False,artifact_sigma,671:WaistRBack;671:WaistRFront,2
671,T2_P1_R1,T2,P1,R1,671_T2_P1_R1_Take 2026-01-15 04.35.25 PM_005.csv,29123,29123,242.6917,242.6917,False,False,False,True,False,f843d515a491ec5b,False,artifact_sigma,671:WaistLBack;671:WaistRBack,2
671,T2_P1_R1,T2,P1,R1,671_T2_P1_R1_Take 2026-01-15 04.35.25 PM_005.csv,29125,29126,242.7083,242.7167,False,False,False,True,False,f843d515a491ec5b,False,artifact_sigma,671:WaistCBack;671:WaistLBack,2
671,T2_P1_R1,T2,P1,R1,671_T2_P1_R1_Take 2026-01-15 04.35.25 PM_005.csv,29149,29149,242.9083,242.9083,False,False,False,True,False,f843d515a491ec5b,False,artifact_sigma,671:LShin,1
671,T2_P1_R1,T2,P1,R1,671_T2_P1_R1_Take 2026-01-15 04.35.25 PM_005.csv,29151,29151,242.925,242.925,False,False,False,True,False,f843d515a491ec5b,False,artifact_sigma,671:LKneeOut,1
671,T2_P1_R1,T2,P1,R1,671_T2_P1_R1_Take 2026-01-15 04.35.25 PM_005.csv,29179,29182,243.1583,243.1833,False,False,True,False,False,f843d515a491ec5b,False,segment_swap,LHandIn__LWristOut,1
671,T2_P1_R1,T2,P1,R1,671_T2_P1_R1_Take 2026-01-15 04.35.25 PM_005.csv,29183,29183,243.1917,243.1917,False,False,True,True,False,f843d515a491ec5b,False,segment_swap,671:LToeTip;LHandIn__LWristOut,2
671,T2_P1_R1,T2,P1,R1,671_T2_P1_R1_Take 2026-01-15 04.35.25 PM_005.csv,29187,29187,243.225,243.225,False,False,False,True,False,f843d515a491ec5b,False,artifact_sigma,671:LToeIn,1
671,T2_P1_R1,T2,P1,R1,671_T2_P1_R1_Take 2026-01-15 04.35.25 PM_005.csv,29191,29191,243.2583,243.2583,False,False,False,True,False,f843d515a491ec5b,False,artifact_sigma,671:LToeOut,1
671,T2_P1_R1,T2,P1,R1,671_T2_P1_R1_Take 2026-01-15 04.35.25 PM_005.csv,29251,29252,243.7583,243.7667,False,False,False,True,False,f843d515a491ec5b,False,artifact_sigma,671:LElbowOut;671:LFArm,2
671,T2_P1_R1,T2,P1,R1,671_T2_P1_R1_Take 2026-01-15 04.35.25 PM_005.csv,29254,29254,243.7833,243.7833,False,False,False,True,False,f843d515a491ec5b,False,artifact_sigma,671:LWristOut,1
671,T2_P1_R1,T2,P1,R1,671_T2_P1_R1_Take 2026-01-15 04.35.25 PM_005.csv,29257,29257,243.8083,243.8083,False,False,False,True,False,f843d515a491ec5b,False,artifact_sigma,671:RWristOut,1
671,T2_P1_R1,T2,P1,R1,671_T2_P1_R1_Take 2026-01-15 04.35.25 PM_005.csv,29261,29261,243.8417,243.8417,False,False,False,True,False,f843d515a491ec5b,False,artifact_sigma,671:HeadTop,1
671,T2_P1_R1,T2,P1,R1,671_T2_P1_R1_Take 2026-01-15 04.35.25 PM_005.csv,29263,29263,243.8583,243.8583,False,False,False,True,False,f843d515a491ec5b,False,artifact_sigma,671:HeadFront,1
671,T2_P1_R1,T2,P1,R1,671_T2_P1_R1_Take 2026-01-15 04.35.25 PM_005.csv,29265,29265,243.875,243.875,False,False,False,True,False,f843d515a491ec5b,False,artifact_sigma,671:LHandOut,1
671,T2_P1_R1,T2,P1,R1,671_T2_P1_R1_Take 2026-01-15 04.35.25 PM_005.csv,29293,29293,244.1083,244.1083,False,False,False,True,False,f843d515a491ec5b,False,artifact_sigma,671:WaistRFront,1
671,T2_P1_R1,T2,P1,R1,671_T2_P1_R1_Take 2026-01-15 04.35.25 PM_005.csv,29295,29295,244.125,244.125,False,False,False,True,False,f843d515a491ec5b,False,artifact_sigma,671:WaistRFront,1
671,T2_P1_R1,T2,P1,R1,671_T2_P1_R1_Take 2026-01-15 04.35.25 PM_005.csv,29313,29313,244.275,244.275,False,False,False,True,False,f843d515a491ec5b,False,artifact_sigma,671:RThighSide,1
671,T2_P1_R1,T2,P1,R1,671_T2_P1_R1_Take 2026-01-15 04.35.25 PM_005.csv,29319,29319,244.325,244.325,False,False,False,True,False,f843d515a491ec5b,False,artifact_sigma,671:RThighSide,1
671,T2_P1_R1,T2,P1,R1,671_T2_P1_R1_Take 2026-01-15 04.35.25 PM_005.csv,29322,29322,244.35,244.35,False,False,True,True,False,f843d515a491ec5b,False,segment_swap,671:RHandIn;RHandIn__RHandOut;RHandIn__RWristOut,3
671,T2_P1_R1,T2,P1,R1,671_T2_P1_R1_Take 2026-01-15 04.35.25 PM_005.csv,29359,29359,244.6583,244.6583,False,False,False,True,False,f843d515a491ec5b,False,artifact_sigma,671:RHeel,1
671,T2_P1_R1,T2,P1,R1,671_T2_P1_R1_Take 2026-01-15 04.35.25 PM_005.csv,29388,29395,244.9,244.9583,False,False,True,False,False,f843d515a491ec5b,False,segment_swap,LKneeOut__LThighFront,1
671,T2_P1_R1,T2,P1,R1,671_T2_P1_R1_Take 2026-01-15 04.35.25 PM_005.csv,29396,29396,244.9667,244.9667,False,False,True,True,False,f843d515a491ec5b,False,segment_swap,671:RShoulderTop;LKneeOut__LThighFront,2
671,T2_P1_R1,T2,P1,R1,671_T2_P1_R1_Take 2026-01-15 04.35.25 PM_005.csv,29397,29401,244.975,245.0083,False,False,True,False,False,f843d515a491ec5b,False,segment_swap,LHandIn__LHandOut;LKneeOut__LThighFront,2
671,T2_P1_R1,T2,P1,R1,671_T2_P1_R1_Take 2026-01-15 04.35.25 PM_005.csv,29402,29402,245.0167,245.0167,False,False,True,True,False,f843d515a491ec5b,False,segment_swap,671:LHandIn;LKneeOut__LThighFront,2
671,T2_P1_R1,T2,P1,R1,671_T2_P1_R1_Take 2026-01-15 04.35.25 PM_005.csv,29403,29415,245.025,245.125,False,False,True,False,False,f843d515a491ec5b,False,segment_swap,LKneeOut__LThighFront,1
671,T2_P1_R1,T2,P1,R1,671_T2_P1_R1_Take 2026-01-15 04.35.25 PM_005.csv,29423,29423,245.1917,245.1917,False,False,False,True,False,f843d515a491ec5b,False,artifact_sigma,671:RElbowOut,1
671,T2_P1_R1,T2,P1,R1,671_T2_P1_R1_Take 2026-01-15 04.35.25 PM_005.csv,29426,29426,245.2167,245.2167,False,False,False,True,False,f843d515a491ec5b,False,artifact_sigma,671:RUArmHigh,1
671,T2_P1_R1,T2,P1,R1,671_T2_P1_R1_Take 2026-01-15 04.35.25 PM_005.csv,29430,29430,245.25,245.25,False,False,False,True,False,f843d515a491ec5b,False,artifact_sigma,671:WaistCBack,1
671,T2_P1_R1,T2,P1,R1,671_T2_P1_R1_Take 2026-01-15 04.35.25 PM_005.csv,29434,29435,245.2833,245.2917,False,False,True,False,False,f843d515a491ec5b,False,segment_swap,RHandIn__RHandOut,1
671,T2_P1_R1,T2,P1,R1,671_T2_P1_R1_Take 2026-01-15 04.35.25 PM_005.csv,29436,29436,245.3,245.3,False,False,False,True,False,f843d515a491ec5b,False,artifact_sigma,671:RHandIn,1
671,T2_P1_R1,T2,P1,R1,671_T2_P1_R1_Take 2026-01-15 04.35.25 PM_005.csv,29445,29445,245.375,245.375,False,False,False,True,False,f843d515a491ec5b,False,artifact_sigma,671:LElbowOut,1
671,T2_P1_R1,T2,P1,R1,671_T2_P1_R1_Take 2026-01-15 04.35.25 PM_005.csv,29449,29449,245.4083,245.4083,False,False,False,True,False,f843d515a491ec5b,False,artifact_sigma,671:LUArmHigh,1
671,T2_P1_R1,T2,P1,R1,671_T2_P1_R1_Take 2026-01-15 04.35.25 PM_005.csv,29461,29461,245.5083,245.5083,False,False,False,True,False,f843d515a491ec5b,False,artifact_sigma,671:LHandOut,1
671,T2_P1_R1,T2,P1,R1,671_T2_P1_R1_Take 2026-01-15 04.35.25 PM_005.csv,29526,29536,246.05,246.1333,False,False,True,False,False,f843d515a491ec5b,False,segment_swap,LShoulderTop__LUArmHigh,1
671,T2_P1_R1,T2,P1,R1,671_T2_P1_R1_Take 2026-01-15 04.35.25 PM_005.csv,29542,29542,246.1833,246.1833,False,False,False,True,False,f843d515a491ec5b,False,artifact_sigma,671:LUArmHigh,1
671,T2_P1_R1,T2,P1,R1,671_T2_P1_R1_Take 2026-01-15 04.35.25 PM_005.csv,29620,29621,246.8333,246.8417,False,False,False,True,False,f843d515a491ec5b,False,artifact_sigma,671:RToeOut;671:RToeTip,2
671,T2_P1_R1,T2,P1,R1,671_T2_P1_R1_Take 2026-01-15 04.35.25 PM_005.csv,29625,29625,246.875,246.875,False,False,False,True,False,f843d515a491ec5b,False,artifact_sigma,671:RHeel,1
671,T2_P1_R1,T2,P1,R1,671_T2_P1_R1_Take 2026-01-15 04.35.25 PM_005.csv,29627,29627,246.8917,246.8917,False,False,False,True,False,f843d515a491ec5b,False,artifact_sigma,671:RKneeOut,1
671,T2_P1_R1,T2,P1,R1,671_T2_P1_R1_Take 2026-01-15 04.35.25 PM_005.csv,29631,29631,246.925,246.925,False,False,False,True,False,f843d515a491ec5b,False,artifact_sigma,671:RKneeOut,1
671,T2_P1_R1,T2,P1,R1,671_T2_P1_R1_Take 2026-01-15 04.35.25 PM_005.csv,29722,29723,247.6833,247.6917,False,False,True,False,False,f843d515a491ec5b,False,segment_swap,LHandIn__LWristOut,1
671,T2_P1_R1,T2,P1,R1,671_T2_P1_R1_Take 2026-01-15 04.35.25 PM_005.csv,29752,29753,247.9333,247.9417,False,False,True,False,False,f843d515a491ec5b,False,segment_swap,LHandIn__LWristOut,1
671,T2_P1_R1,T2,P1,R1,671_T2_P1_R1_Take 2026-01-15 04.35.25 PM_005.csv,29836,29836,248.6333,248.6333,False,False,True,False,False,f843d515a491ec5b,False,segment_swap,LHandIn__LWristOut,1
671,T2_P1_R1,T2,P1,R1,671_T2_P1_R1_Take 2026-01-15 04.35.25 PM_005.csv,29871,29871,248.925,248.925,False,False,True,False,False,f843d515a491ec5b,False,segment_swap,LHandIn__LWristOut,1
671,T2_P1_R1,T2,P1,R1,671_T2_P1_R1_Take 2026-01-15 04.35.25 PM_005.csv,29872,29872,248.9333,248.9333,False,False,False,True,False,f843d515a491ec5b,False,artifact_sigma,671:BackLeft,1
671,T2_P1_R1,T2,P1,R1,671_T2_P1_R1_Take 2026-01-15 04.35.25 PM_005.csv,29894,29894,249.1167,249.1167,False,False,False,True,False,f843d515a491ec5b,False,artifact_sigma,671:BackTop;671:LShoulderBack,2
671,T2_P1_R1,T2,P1,R1,671_T2_P1_R1_Take 2026-01-15 04.35.25 PM_005.csv,29898,29901,249.15,249.175,False,False,False,True,False,f843d515a491ec5b,False,artifact_sigma,671:BackTop;671:LShoulderBack;671:LShoulderTop,3
671,T2_P1_R1,T2,P1,R1,671_T2_P1_R1_Take 2026-01-15 04.35.25 PM_005.csv,29903,29905,249.1917,249.2083,False,False,False,True,False,f843d515a491ec5b,False,artifact_sigma,671:BackLeft;671:BackRight;671:RShoulderBack,3
671,T2_P1_R1,T2,P1,R1,671_T2_P1_R1_Take 2026-01-15 04.35.25 PM_005.csv,29924,29925,249.3667,249.375,False,False,True,False,False,f843d515a491ec5b,False,segment_swap,LHandIn__LWristOut,1
671,T2_P1_R1,T2,P1,R1,671_T2_P1_R1_Take 2026-01-15 04.35.25 PM_005.csv,29958,29966,249.65,249.7167,False,False,True,False,False,f843d515a491ec5b,False,segment_swap,LShoulderTop__LUArmHigh,1
671,T2_P1_R1,T2,P1,R1,671_T2_P1_R1_Take 2026-01-15 04.35.25 PM_005.csv,29967,29967,249.725,249.725,False,False,False,True,False,f843d515a491ec5b,False,artifact_sigma,671:LUArmHigh,1
671,T2_P1_R1,T2,P1,R1,671_T2_P1_R1_Take 2026-01-15 04.35.25 PM_005.csv,29984,29988,249.8667,249.9,False,False,True,False,False,f843d515a491ec5b,False,segment_swap,LHandIn__LHandOut;LHandIn__LWristOut,2
671,T2_P1_R1,T2,P1,R1,671_T2_P1_R1_Take 2026-01-15 04.35.25 PM_005.csv,30025,30025,250.2083,250.2083,False,False,False,True,False,f843d515a491ec5b,False,artifact_sigma,671:BackRight,1
671,T2_P1_R1,T2,P1,R1,671_T2_P1_R1_Take 2026-01-15 04.35.25 PM_005.csv,30027,30028,250.225,250.2333,False,False,False,True,False,f843d515a491ec5b,False,artifact_sigma,671:BackLeft;671:BackTop,2
671,T2_P1_R1,T2,P1,R1,671_T2_P1_R1_Take 2026-01-15 04.35.25 PM_005.csv,30038,30038,250.3167,250.3167,False,False,False,True,False,f843d515a491ec5b,False,artifact_sigma,671:RShoulderTop,1
671,T2_P1_R1,T2,P1,R1,671_T2_P1_R1_Take 2026-01-15 04.35.25 PM_005.csv,30115,30119,250.9583,250.9917,False,False,True,False,False,f843d515a491ec5b,False,segment_swap,LHandIn__LWristOut,1
