session_id,run_label,marker_or_entity,normalized_marker_name,body_region_group,side,attached_bone,attached_bone_canonical,joint_family,adjacent_joint_family,mapping_source,mapping_confidence,mapping_version,template_mapping_status,n_events,n_frames_affected,gap_0p5_frames,gap_0p2_frames,artifact_sigma_frames,segment_swap_frames,severity_summary,recommendation_impact,notes
671_T1_P1_R1,671_T1_P1_R1_Take_2026-01-06_03.57.12_PM_001,671:ChestLow,ChestLow,torso_chest_back,,671_Chest,Chest,trunk_chest,,session_datadescriptions_optional,attached_bone_observed_but_template_unverified,session_datadescriptions_unverified_v0,session_datadescriptions_used_unverified,3,3,0,0,0,0,moderate,regional_risk_overlay,
671_T1_P1_R1,671_T1_P1_R1_Take_2026-01-06_03.57.12_PM_001,671:ChestTop,ChestTop,torso_chest_back,,671_Chest,Chest,trunk_chest,,session_datadescriptions_optional,attached_bone_observed_but_template_unverified,session_datadescriptions_unverified_v0,session_datadescriptions_used_unverified,2,2,0,0,0,0,minor,regional_risk_overlay,
671_T1_P1_R1,671_T1_P1_R1_Take_2026-01-06_03.57.12_PM_001,671:LFArm,LFArm,shoulder_upper_arm,,671_LFArm,LFArm,left_elbow_forearm,left_wrist_hand,session_datadescriptions_optional,attached_bone_observed_but_template_unverified,session_datadescriptions_unverified_v0,session_datadescriptions_used_unverified,3,3,0,0,0,0,severe,regional_risk_overlay,
671_T1_P1_R1,671_T1_P1_R1_Take_2026-01-06_03.57.12_PM_001,671:LShoulderTop,LShoulderTop,shoulder_upper_arm,,671_LShoulder,LShoulder,left_shoulder_arm,,session_datadescriptions_optional,attached_bone_observed_but_template_unverified,session_datadescriptions_unverified_v0,session_datadescriptions_used_unverified,2,2,0,0,0,0,moderate,regional_risk_overlay,
671_T1_P1_R1,671_T1_P1_R1_Take_2026-01-06_03.57.12_PM_001,671:RShoulderTop,RShoulderTop,shoulder_upper_arm,,671_RShoulder,RShoulder,right_shoulder_arm,,session_datadescriptions_optional,attached_bone_observed_but_template_unverified,session_datadescriptions_unverified_v0,session_datadescriptions_used_unverified,2,2,0,0,0,0,moderate,regional_risk_overlay,
671_T1_P1_R1,671_T1_P1_R1_Take_2026-01-06_03.57.12_PM_001,LHandIn__LWristOut,LHandIn__LWristOut,wrist_hand,,,,unknown,,unmapped,unmapped,session_datadescriptions_unverified_v0,session_datadescriptions_used_unverified,1,20,0,0,0,0,moderate,regional_risk_overlay,
671_T1_P1_R1,671_T1_P1_R1_Take_2026-01-06_03.57.12_PM_001,,15992-16026,,,,,unknown,,unmapped,unmapped,session_datadescriptions_unverified_v0,session_datadescriptions_used_unverified,1,35,0,0,0,0,caution,regional_risk_overlay,
671_T1_P1_R1,671_T1_P1_R1_Take_2026-01-06_03.57.12_PM_001,,16000,,,,,unknown,,unmapped,unmapped,session_datadescriptions_unverified_v0,session_datadescriptions_used_unverified,2,2,0,1,0,0,caution,regional_risk_overlay,
671_T1_P1_R1,671_T1_P1_R1_Take_2026-01-06_03.57.12_PM_001,,16001,,,,,unknown,,unmapped,unmapped,session_datadescriptions_unverified_v0,session_datadescriptions_used_unverified,2,2,0,1,0,0,caution,regional_risk_overlay,
671_T1_P1_R1,671_T1_P1_R1_Take_2026-01-06_03.57.12_PM_001,,16002,,,,,unknown,,unmapped,unmapped,session_datadescriptions_unverified_v0,session_datadescriptions_used_unverified,2,2,0,1,0,0,caution,regional_risk_overlay,
671_T1_P1_R1,671_T1_P1_R1_Take_2026-01-06_03.57.12_PM_001,,16003,,,,,unknown,,unmapped,unmapped,session_datadescriptions_unverified_v0,session_datadescriptions_used_unverified,2,2,0,1,0,0,caution,regional_risk_overlay,
671_T1_P1_R1,671_T1_P1_R1_Take_2026-01-06_03.57.12_PM_001,,16004,,,,,unknown,,unmapped,unmapped,session_datadescriptions_unverified_v0,session_datadescriptions_used_unverified,2,2,0,1,0,0,caution,regional_risk_overlay,
671_T1_P1_R1,671_T1_P1_R1_Take_2026-01-06_03.57.12_PM_001,,16005,,,,,unknown,,unmapped,unmapped,session_datadescriptions_unverified_v0,session_datadescriptions_used_unverified,2,2,0,1,0,0,caution,regional_risk_overlay,
671_T1_P1_R1,671_T1_P1_R1_Take_2026-01-06_03.57.12_PM_001,,16006,,,,,unknown,,unmapped,unmapped,session_datadescriptions_unverified_v0,session_datadescriptions_used_unverified,2,2,0,1,0,0,caution,regional_risk_overlay,
671_T1_P1_R1,671_T1_P1_R1_Take_2026-01-06_03.57.12_PM_001,,16007,,,,,unknown,,unmapped,unmapped,session_datadescriptions_unverified_v0,session_datadescriptions_used_unverified,2,2,0,1,0,0,caution,regional_risk_overlay,
671_T1_P1_R1,671_T1_P1_R1_Take_2026-01-06_03.57.12_PM_001,,16008,,,,,unknown,,unmapped,unmapped,session_datadescriptions_unverified_v0,session_datadescriptions_used_unverified,2,2,0,1,0,0,caution,regional_risk_overlay,
671_T1_P1_R1,671_T1_P1_R1_Take_2026-01-06_03.57.12_PM_001,,16009,,,,,unknown,,unmapped,unmapped,session_datadescriptions_unverified_v0,session_datadescriptions_used_unverified,2,2,0,1,0,0,caution,regional_risk_overlay,
671_T1_P1_R1,671_T1_P1_R1_Take_2026-01-06_03.57.12_PM_001,,16010,,,,,unknown,,unmapped,unmapped,session_datadescriptions_unverified_v0,session_datadescriptions_used_unverified,2,2,0,1,0,0,caution,regional_risk_overlay,
671_T1_P1_R1,671_T1_P1_R1_Take_2026-01-06_03.57.12_PM_001,,16011,,,,,unknown,,unmapped,unmapped,session_datadescriptions_unverified_v0,session_datadescriptions_used_unverified,2,2,0,1,0,0,caution,regional_risk_overlay,
671_T1_P1_R1,671_T1_P1_R1_Take_2026-01-06_03.57.12_PM_001,,16012,,,,,unknown,,unmapped,unmapped,session_datadescriptions_unverified_v0,session_datadescriptions_used_unverified,2,2,0,1,0,0,caution,regional_risk_overlay,
671_T1_P1_R1,671_T1_P1_R1_Take_2026-01-06_03.57.12_PM_001,,16013,,,,,unknown,,unmapped,unmapped,session_datadescriptions_unverified_v0,session_datadescriptions_used_unverified,2,2,0,1,0,0,caution,regional_risk_overlay,
671_T1_P1_R1,671_T1_P1_R1_Take_2026-01-06_03.57.12_PM_001,,16014,,,,,unknown,,unmapped,unmapped,session_datadescriptions_unverified_v0,session_datadescriptions_used_unverified,2,2,0,1,0,0,caution,regional_risk_overlay,
671_T1_P1_R1,671_T1_P1_R1_Take_2026-01-06_03.57.12_PM_001,,16015,,,,,unknown,,unmapped,unmapped,session_datadescriptions_unverified_v0,session_datadescriptions_used_unverified,2,2,0,1,0,0,caution,regional_risk_overlay,
671_T1_P1_R1,671_T1_P1_R1_Take_2026-01-06_03.57.12_PM_001,,16016,,,,,unknown,,unmapped,unmapped,session_datadescriptions_unverified_v0,session_datadescriptions_used_unverified,2,2,0,1,0,0,caution,regional_risk_overlay,
671_T1_P1_R1,671_T1_P1_R1_Take_2026-01-06_03.57.12_PM_001,,16017,,,,,unknown,,unmapped,unmapped,session_datadescriptions_unverified_v0,session_datadescriptions_used_unverified,2,2,0,1,0,0,caution,regional_risk_overlay,
671_T1_P1_R1,671_T1_P1_R1_Take_2026-01-06_03.57.12_PM_001,,16018,,,,,unknown,,unmapped,unmapped,session_datadescriptions_unverified_v0,session_datadescriptions_used_unverified,2,2,0,1,0,0,caution,regional_risk_overlay,
671_T1_P1_R1,671_T1_P1_R1_Take_2026-01-06_03.57.12_PM_001,,16019,,,,,unknown,,unmapped,unmapped,session_datadescriptions_unverified_v0,session_datadescriptions_used_unverified,2,2,0,1,0,0,caution,regional_risk_overlay,
671_T1_P1_R1,671_T1_P1_R1_Take_2026-01-06_03.57.12_PM_001,,16020,,,,,unknown,,unmapped,unmapped,session_datadescriptions_unverified_v0,session_datadescriptions_used_unverified,2,2,0,1,0,0,caution,regional_risk_overlay,
671_T1_P1_R1,671_T1_P1_R1_Take_2026-01-06_03.57.12_PM_001,,16021,,,,,unknown,,unmapped,unmapped,session_datadescriptions_unverified_v0,session_datadescriptions_used_unverified,2,2,0,1,0,0,caution,regional_risk_overlay,
671_T1_P1_R1,671_T1_P1_R1_Take_2026-01-06_03.57.12_PM_001,,16022,,,,,unknown,,unmapped,unmapped,session_datadescriptions_unverified_v0,session_datadescriptions_used_unverified,2,2,0,1,0,0,caution,regional_risk_overlay,
671_T1_P1_R1,671_T1_P1_R1_Take_2026-01-06_03.57.12_PM_001,,16023,,,,,unknown,,unmapped,unmapped,session_datadescriptions_unverified_v0,session_datadescriptions_used_unverified,2,2,0,1,0,0,caution,regional_risk_overlay,
671_T1_P1_R1,671_T1_P1_R1_Take_2026-01-06_03.57.12_PM_001,,16024,,,,,unknown,,unmapped,unmapped,session_datadescriptions_unverified_v0,session_datadescriptions_used_unverified,2,2,0,1,0,0,caution,regional_risk_overlay,
671_T1_P1_R1,671_T1_P1_R1_Take_2026-01-06_03.57.12_PM_001,,16025,,,,,unknown,,unmapped,unmapped,session_datadescriptions_unverified_v0,session_datadescriptions_used_unverified,2,2,0,1,0,0,caution,regional_risk_overlay,
671_T1_P1_R1,671_T1_P1_R1_Take_2026-01-06_03.57.12_PM_001,,16026,,,,,unknown,,unmapped,unmapped,session_datadescriptions_unverified_v0,session_datadescriptions_used_unverified,2,2,0,1,0,0,caution,regional_risk_overlay,
671_T1_P1_R1,671_T1_P1_R1_Take_2026-01-06_03.57.12_PM_001,,16131,,,,,unknown,,unmapped,unmapped,session_datadescriptions_unverified_v0,session_datadescriptions_used_unverified,2,2,0,0,1,0,caution,regional_risk_overlay,
671_T1_P1_R1,671_T1_P1_R1_Take_2026-01-06_03.57.12_PM_001,,16131-16131,,,,,unknown,,unmapped,unmapped,session_datadescriptions_unverified_v0,session_datadescriptions_used_unverified,1,1,0,0,1,0,caution,regional_risk_overlay,
671_T1_P1_R1,671_T1_P1_R1_Take_2026-01-06_03.57.12_PM_001,,16133,,,,,unknown,,unmapped,unmapped,session_datadescriptions_unverified_v0,session_datadescriptions_used_unverified,2,2,0,1,0,0,caution,regional_risk_overlay,
671_T1_P1_R1,671_T1_P1_R1_Take_2026-01-06_03.57.12_PM_001,,16133-16169,,,,,unknown,,unmapped,unmapped,session_datadescriptions_unverified_v0,session_datadescriptions_used_unverified,1,37,0,0,0,0,caution,regional_risk_overlay,
671_T1_P1_R1,671_T1_P1_R1_Take_2026-01-06_03.57.12_PM_001,,16134,,,,,unknown,,unmapped,unmapped,session_datadescriptions_unverified_v0,session_datadescriptions_used_unverified,2,2,0,1,0,0,caution,regional_risk_overlay,
671_T1_P1_R1,671_T1_P1_R1_Take_2026-01-06_03.57.12_PM_001,,16135,,,,,unknown,,unmapped,unmapped,session_datadescriptions_unverified_v0,session_datadescriptions_used_unverified,2,2,0,1,0,0,caution,regional_risk_overlay,
671_T1_P1_R1,671_T1_P1_R1_Take_2026-01-06_03.57.12_PM_001,,16136,,,,,unknown,,unmapped,unmapped,session_datadescriptions_unverified_v0,session_datadescriptions_used_unverified,2,2,0,1,0,0,caution,regional_risk_overlay,
671_T1_P1_R1,671_T1_P1_R1_Take_2026-01-06_03.57.12_PM_001,,16137,,,,,unknown,,unmapped,unmapped,session_datadescriptions_unverified_v0,session_datadescriptions_used_unverified,2,2,0,1,0,0,caution,regional_risk_overlay,
671_T1_P1_R1,671_T1_P1_R1_Take_2026-01-06_03.57.12_PM_001,,16138,,,,,unknown,,unmapped,unmapped,session_datadescriptions_unverified_v0,session_datadescriptions_used_unverified,2,2,0,1,0,0,caution,regional_risk_overlay,
671_T1_P1_R1,671_T1_P1_R1_Take_2026-01-06_03.57.12_PM_001,,16139,,,,,unknown,,unmapped,unmapped,session_datadescriptions_unverified_v0,session_datadescriptions_used_unverified,2,2,0,1,0,0,caution,regional_risk_overlay,
671_T1_P1_R1,671_T1_P1_R1_Take_2026-01-06_03.57.12_PM_001,,16140,,,,,unknown,,unmapped,unmapped,session_datadescriptions_unverified_v0,session_datadescriptions_used_unverified,2,2,0,1,0,0,caution,regional_risk_overlay,
671_T1_P1_R1,671_T1_P1_R1_Take_2026-01-06_03.57.12_PM_001,,16141,,,,,unknown,,unmapped,unmapped,session_datadescriptions_unverified_v0,session_datadescriptions_used_unverified,2,2,0,1,0,0,caution,regional_risk_overlay,
671_T1_P1_R1,671_T1_P1_R1_Take_2026-01-06_03.57.12_PM_001,,16142,,,,,unknown,,unmapped,unmapped,session_datadescriptions_unverified_v0,session_datadescriptions_used_unverified,2,2,0,1,0,0,caution,regional_risk_overlay,
671_T1_P1_R1,671_T1_P1_R1_Take_2026-01-06_03.57.12_PM_001,,16143,,,,,unknown,,unmapped,unmapped,session_datadescriptions_unverified_v0,session_datadescriptions_used_unverified,2,2,0,1,0,0,caution,regional_risk_overlay,
671_T1_P1_R1,671_T1_P1_R1_Take_2026-01-06_03.57.12_PM_001,,16144,,,,,unknown,,unmapped,unmapped,session_datadescriptions_unverified_v0,session_datadescriptions_used_unverified,2,2,0,1,0,0,caution,regional_risk_overlay,
671_T1_P1_R1,671_T1_P1_R1_Take_2026-01-06_03.57.12_PM_001,,16145,,,,,unknown,,unmapped,unmapped,session_datadescriptions_unverified_v0,session_datadescriptions_used_unverified,2,2,0,1,0,0,caution,regional_risk_overlay,
671_T1_P1_R1,671_T1_P1_R1_Take_2026-01-06_03.57.12_PM_001,,16146,,,,,unknown,,unmapped,unmapped,session_datadescriptions_unverified_v0,session_datadescriptions_used_unverified,2,2,0,1,0,0,caution,regional_risk_overlay,
671_T1_P1_R1,671_T1_P1_R1_Take_2026-01-06_03.57.12_PM_001,,16147,,,,,unknown,,unmapped,unmapped,session_datadescriptions_unverified_v0,session_datadescriptions_used_unverified,2,2,0,1,0,0,caution,regional_risk_overlay,
671_T1_P1_R1,671_T1_P1_R1_Take_2026-01-06_03.57.12_PM_001,,16148,,,,,unknown,,unmapped,unmapped,session_datadescriptions_unverified_v0,session_datadescriptions_used_unverified,2,2,0,1,0,0,caution,regional_risk_overlay,
671_T1_P1_R1,671_T1_P1_R1_Take_2026-01-06_03.57.12_PM_001,,16149,,,,,unknown,,unmapped,unmapped,session_datadescriptions_unverified_v0,session_datadescriptions_used_unverified,2,2,0,1,0,0,caution,regional_risk_overlay,
671_T1_P1_R1,671_T1_P1_R1_Take_2026-01-06_03.57.12_PM_001,,16150,,,,,unknown,,unmapped,unmapped,session_datadescriptions_unverified_v0,session_datadescriptions_used_unverified,2,2,0,1,0,0,caution,regional_risk_overlay,
671_T1_P1_R1,671_T1_P1_R1_Take_2026-01-06_03.57.12_PM_001,,16151,,,,,unknown,,unmapped,unmapped,session_datadescriptions_unverified_v0,session_datadescriptions_used_unverified,2,2,0,1,0,0,caution,regional_risk_overlay,
671_T1_P1_R1,671_T1_P1_R1_Take_2026-01-06_03.57.12_PM_001,,16152,,,,,unknown,,unmapped,unmapped,session_datadescriptions_unverified_v0,session_datadescriptions_used_unverified,2,2,0,1,0,0,caution,regional_risk_overlay,
671_T1_P1_R1,671_T1_P1_R1_Take_2026-01-06_03.57.12_PM_001,,16153,,,,,unknown,,unmapped,unmapped,session_datadescriptions_unverified_v0,session_datadescriptions_used_unverified,2,2,0,1,0,0,caution,regional_risk_overlay,
671_T1_P1_R1,671_T1_P1_R1_Take_2026-01-06_03.57.12_PM_001,,16154,,,,,unknown,,unmapped,unmapped,session_datadescriptions_unverified_v0,session_datadescriptions_used_unverified,2,2,0,1,0,0,caution,regional_risk_overlay,
671_T1_P1_R1,671_T1_P1_R1_Take_2026-01-06_03.57.12_PM_001,,16155,,,,,unknown,,unmapped,unmapped,session_datadescriptions_unverified_v0,session_datadescriptions_used_unverified,2,2,0,1,0,0,caution,regional_risk_overlay,
671_T1_P1_R1,671_T1_P1_R1_Take_2026-01-06_03.57.12_PM_001,,16156,,,,,unknown,,unmapped,unmapped,session_datadescriptions_unverified_v0,session_datadescriptions_used_unverified,2,2,0,1,0,0,caution,regional_risk_overlay,
671_T1_P1_R1,671_T1_P1_R1_Take_2026-01-06_03.57.12_PM_001,,16157,,,,,unknown,,unmapped,unmapped,session_datadescriptions_unverified_v0,session_datadescriptions_used_unverified,2,2,0,1,0,0,caution,regional_risk_overlay,
671_T1_P1_R1,671_T1_P1_R1_Take_2026-01-06_03.57.12_PM_001,,16158,,,,,unknown,,unmapped,unmapped,session_datadescriptions_unverified_v0,session_datadescriptions_used_unverified,2,2,0,1,0,0,caution,regional_risk_overlay,
671_T1_P1_R1,671_T1_P1_R1_Take_2026-01-06_03.57.12_PM_001,,16159,,,,,unknown,,unmapped,unmapped,session_datadescriptions_unverified_v0,session_datadescriptions_used_unverified,2,2,0,1,0,0,caution,regional_risk_overlay,
671_T1_P1_R1,671_T1_P1_R1_Take_2026-01-06_03.57.12_PM_001,,16160,,,,,unknown,,unmapped,unmapped,session_datadescriptions_unverified_v0,session_datadescriptions_used_unverified,2,2,0,1,0,0,caution,regional_risk_overlay,
671_T1_P1_R1,671_T1_P1_R1_Take_2026-01-06_03.57.12_PM_001,,16161,,,,,unknown,,unmapped,unmapped,session_datadescriptions_unverified_v0,session_datadescriptions_used_unverified,2,2,0,1,0,0,caution,regional_risk_overlay,
671_T1_P1_R1,671_T1_P1_R1_Take_2026-01-06_03.57.12_PM_001,,16162,,,,,unknown,,unmapped,unmapped,session_datadescriptions_unverified_v0,session_datadescriptions_used_unverified,2,2,0,1,0,0,caution,regional_risk_overlay,
671_T1_P1_R1,671_T1_P1_R1_Take_2026-01-06_03.57.12_PM_001,,16163,,,,,unknown,,unmapped,unmapped,session_datadescriptions_unverified_v0,session_datadescriptions_used_unverified,2,2,0,1,0,0,caution,regional_risk_overlay,
671_T1_P1_R1,671_T1_P1_R1_Take_2026-01-06_03.57.12_PM_001,,16164,,,,,unknown,,unmapped,unmapped,session_datadescriptions_unverified_v0,session_datadescriptions_used_unverified,2,2,0,1,0,0,caution,regional_risk_overlay,
671_T1_P1_R1,671_T1_P1_R1_Take_2026-01-06_03.57.12_PM_001,,16165,,,,,unknown,,unmapped,unmapped,session_datadescriptions_unverified_v0,session_datadescriptions_used_unverified,2,2,0,1,0,0,caution,regional_risk_overlay,
671_T1_P1_R1,671_T1_P1_R1_Take_2026-01-06_03.57.12_PM_001,,16166,,,,,unknown,,unmapped,unmapped,session_datadescriptions_unverified_v0,session_datadescriptions_used_unverified,2,2,0,1,0,0,caution,regional_risk_overlay,
671_T1_P1_R1,671_T1_P1_R1_Take_2026-01-06_03.57.12_PM_001,,16167,,,,,unknown,,unmapped,unmapped,session_datadescriptions_unverified_v0,session_datadescriptions_used_unverified,2,2,0,1,0,0,caution,regional_risk_overlay,
671_T1_P1_R1,671_T1_P1_R1_Take_2026-01-06_03.57.12_PM_001,,16168,,,,,unknown,,unmapped,unmapped,session_datadescriptions_unverified_v0,session_datadescriptions_used_unverified,2,2,0,1,0,0,caution,regional_risk_overlay,
671_T1_P1_R1,671_T1_P1_R1_Take_2026-01-06_03.57.12_PM_001,,16169,,,,,unknown,,unmapped,unmapped,session_datadescriptions_unverified_v0,session_datadescriptions_used_unverified,2,2,0,1,0,0,caution,regional_risk_overlay,
671_T1_P1_R1,671_T1_P1_R1_Take_2026-01-06_03.57.12_PM_001,,16280,,,,,unknown,,unmapped,unmapped,session_datadescriptions_unverified_v0,session_datadescriptions_used_unverified,2,2,0,0,1,0,caution,regional_risk_overlay,
671_T1_P1_R1,671_T1_P1_R1_Take_2026-01-06_03.57.12_PM_001,,16280-16280,,,,,unknown,,unmapped,unmapped,session_datadescriptions_unverified_v0,session_datadescriptions_used_unverified,1,1,0,0,1,0,caution,regional_risk_overlay,
671_T1_P1_R1,671_T1_P1_R1_Take_2026-01-06_03.57.12_PM_001,,16291,,,,,unknown,,unmapped,unmapped,session_datadescriptions_unverified_v0,session_datadescriptions_used_unverified,2,2,0,1,0,0,caution,regional_risk_overlay,
671_T1_P1_R1,671_T1_P1_R1_Take_2026-01-06_03.57.12_PM_001,,16291-16309,,,,,unknown,,unmapped,unmapped,session_datadescriptions_unverified_v0,session_datadescriptions_used_unverified,1,19,0,0,0,0,caution,regional_risk_overlay,
671_T1_P1_R1,671_T1_P1_R1_Take_2026-01-06_03.57.12_PM_001,,16292,,,,,unknown,,unmapped,unmapped,session_datadescriptions_unverified_v0,session_datadescriptions_used_unverified,2,2,0,1,0,0,caution,regional_risk_overlay,
671_T1_P1_R1,671_T1_P1_R1_Take_2026-01-06_03.57.12_PM_001,,16293,,,,,unknown,,unmapped,unmapped,session_datadescriptions_unverified_v0,session_datadescriptions_used_unverified,2,2,0,1,0,0,caution,regional_risk_overlay,
671_T1_P1_R1,671_T1_P1_R1_Take_2026-01-06_03.57.12_PM_001,,16294,,,,,unknown,,unmapped,unmapped,session_datadescriptions_unverified_v0,session_datadescriptions_used_unverified,2,2,0,1,0,0,caution,regional_risk_overlay,
671_T1_P1_R1,671_T1_P1_R1_Take_2026-01-06_03.57.12_PM_001,,16295,,,,,unknown,,unmapped,unmapped,session_datadescriptions_unverified_v0,session_datadescriptions_used_unverified,2,2,0,1,0,0,caution,regional_risk_overlay,
671_T1_P1_R1,671_T1_P1_R1_Take_2026-01-06_03.57.12_PM_001,,16296,,,,,unknown,,unmapped,unmapped,session_datadescriptions_unverified_v0,session_datadescriptions_used_unverified,2,2,0,1,0,0,caution,regional_risk_overlay,
671_T1_P1_R1,671_T1_P1_R1_Take_2026-01-06_03.57.12_PM_001,,16297,,,,,unknown,,unmapped,unmapped,session_datadescriptions_unverified_v0,session_datadescriptions_used_unverified,2,2,0,1,0,0,caution,regional_risk_overlay,
671_T1_P1_R1,671_T1_P1_R1_Take_2026-01-06_03.57.12_PM_001,,16298,,,,,unknown,,unmapped,unmapped,session_datadescriptions_unverified_v0,session_datadescriptions_used_unverified,2,2,0,1,0,0,caution,regional_risk_overlay,
671_T1_P1_R1,671_T1_P1_R1_Take_2026-01-06_03.57.12_PM_001,,16299,,,,,unknown,,unmapped,unmapped,session_datadescriptions_unverified_v0,session_datadescriptions_used_unverified,2,2,0,1,0,0,caution,regional_risk_overlay,
671_T1_P1_R1,671_T1_P1_R1_Take_2026-01-06_03.57.12_PM_001,,16300,,,,,unknown,,unmapped,unmapped,session_datadescriptions_unverified_v0,session_datadescriptions_used_unverified,2,2,0,1,0,0,caution,regional_risk_overlay,
671_T1_P1_R1,671_T1_P1_R1_Take_2026-01-06_03.57.12_PM_001,,16301,,,,,unknown,,unmapped,unmapped,session_datadescriptions_unverified_v0,session_datadescriptions_used_unverified,2,2,0,1,0,0,caution,regional_risk_overlay,
671_T1_P1_R1,671_T1_P1_R1_Take_2026-01-06_03.57.12_PM_001,,16302,,,,,unknown,,unmapped,unmapped,session_datadescriptions_unverified_v0,session_datadescriptions_used_unverified,2,2,0,1,0,0,caution,regional_risk_overlay,
671_T1_P1_R1,671_T1_P1_R1_Take_2026-01-06_03.57.12_PM_001,,16303,,,,,unknown,,unmapped,unmapped,session_datadescriptions_unverified_v0,session_datadescriptions_used_unverified,2,2,0,1,0,0,caution,regional_risk_overlay,
671_T1_P1_R1,671_T1_P1_R1_Take_2026-01-06_03.57.12_PM_001,,16304,,,,,unknown,,unmapped,unmapped,session_datadescriptions_unverified_v0,session_datadescriptions_used_unverified,2,2,0,1,0,0,caution,regional_risk_overlay,
671_T1_P1_R1,671_T1_P1_R1_Take_2026-01-06_03.57.12_PM_001,,16305,,,,,unknown,,unmapped,unmapped,session_datadescriptions_unverified_v0,session_datadescriptions_used_unverified,2,2,0,1,0,0,caution,regional_risk_overlay,
671_T1_P1_R1,671_T1_P1_R1_Take_2026-01-06_03.57.12_PM_001,,16306,,,,,unknown,,unmapped,unmapped,session_datadescriptions_unverified_v0,session_datadescriptions_used_unverified,2,2,0,1,0,0,caution,regional_risk_overlay,
671_T1_P1_R1,671_T1_P1_R1_Take_2026-01-06_03.57.12_PM_001,,16307,,,,,unknown,,unmapped,unmapped,session_datadescriptions_unverified_v0,session_datadescriptions_used_unverified,2,2,0,1,0,0,caution,regional_risk_overlay,
671_T1_P1_R1,671_T1_P1_R1_Take_2026-01-06_03.57.12_PM_001,,16308,,,,,unknown,,unmapped,unmapped,session_datadescriptions_unverified_v0,session_datadescriptions_used_unverified,2,2,0,1,0,0,caution,regional_risk_overlay,
671_T1_P1_R1,671_T1_P1_R1_Take_2026-01-06_03.57.12_PM_001,,16309,,,,,unknown,,unmapped,unmapped,session_datadescriptions_unverified_v0,session_datadescriptions_used_unverified,2,2,0,1,0,0,caution,regional_risk_overlay,
671_T1_P1_R1,671_T1_P1_R1_Take_2026-01-06_03.57.12_PM_001,,16310,,,,,unknown,,unmapped,unmapped,session_datadescriptions_unverified_v0,session_datadescriptions_used_unverified,3,3,0,1,0,1,caution,regional_risk_overlay,
671_T1_P1_R1,671_T1_P1_R1_Take_2026-01-06_03.57.12_PM_001,,16310-16328,,,,,unknown,,unmapped,unmapped,session_datadescriptions_unverified_v0,session_datadescriptions_used_unverified,1,19,0,0,0,1,caution,regional_risk_overlay,
671_T1_P1_R1,671_T1_P1_R1_Take_2026-01-06_03.57.12_PM_001,,16311,,,,,unknown,,unmapped,unmapped,session_datadescriptions_unverified_v0,session_datadescriptions_used_unverified,3,3,0,1,0,1,caution,regional_risk_overlay,
671_T1_P1_R1,671_T1_P1_R1_Take_2026-01-06_03.57.12_PM_001,,16312,,,,,unknown,,unmapped,unmapped,session_datadescriptions_unverified_v0,session_datadescriptions_used_unverified,3,3,0,1,0,1,caution,regional_risk_overlay,
671_T1_P1_R1,671_T1_P1_R1_Take_2026-01-06_03.57.12_PM_001,,16313,,,,,unknown,,unmapped,unmapped,session_datadescriptions_unverified_v0,session_datadescriptions_used_unverified,3,3,0,1,0,1,caution,regional_risk_overlay,
671_T1_P1_R1,671_T1_P1_R1_Take_2026-01-06_03.57.12_PM_001,,16314,,,,,unknown,,unmapped,unmapped,session_datadescriptions_unverified_v0,session_datadescriptions_used_unverified,3,3,0,1,0,1,caution,regional_risk_overlay,
671_T1_P1_R1,671_T1_P1_R1_Take_2026-01-06_03.57.12_PM_001,,16315,,,,,unknown,,unmapped,unmapped,session_datadescriptions_unverified_v0,session_datadescriptions_used_unverified,3,3,0,1,0,1,caution,regional_risk_overlay,
671_T1_P1_R1,671_T1_P1_R1_Take_2026-01-06_03.57.12_PM_001,,16316,,,,,unknown,,unmapped,unmapped,session_datadescriptions_unverified_v0,session_datadescriptions_used_unverified,3,3,0,1,0,1,caution,regional_risk_overlay,
671_T1_P1_R1,671_T1_P1_R1_Take_2026-01-06_03.57.12_PM_001,,16317,,,,,unknown,,unmapped,unmapped,session_datadescriptions_unverified_v0,session_datadescriptions_used_unverified,3,3,0,1,0,1,caution,regional_risk_overlay,
671_T1_P1_R1,671_T1_P1_R1_Take_2026-01-06_03.57.12_PM_001,,16318,,,,,unknown,,unmapped,unmapped,session_datadescriptions_unverified_v0,session_datadescriptions_used_unverified,3,3,0,1,0,1,caution,regional_risk_overlay,
671_T1_P1_R1,671_T1_P1_R1_Take_2026-01-06_03.57.12_PM_001,,16319,,,,,unknown,,unmapped,unmapped,session_datadescriptions_unverified_v0,session_datadescriptions_used_unverified,3,3,0,1,0,1,caution,regional_risk_overlay,
671_T1_P1_R1,671_T1_P1_R1_Take_2026-01-06_03.57.12_PM_001,,16320,,,,,unknown,,unmapped,unmapped,session_datadescriptions_unverified_v0,session_datadescriptions_used_unverified,3,3,0,1,0,1,caution,regional_risk_overlay,
671_T1_P1_R1,671_T1_P1_R1_Take_2026-01-06_03.57.12_PM_001,,16321,,,,,unknown,,unmapped,unmapped,session_datadescriptions_unverified_v0,session_datadescriptions_used_unverified,3,3,0,1,0,1,caution,regional_risk_overlay,
671_T1_P1_R1,671_T1_P1_R1_Take_2026-01-06_03.57.12_PM_001,,16322,,,,,unknown,,unmapped,unmapped,session_datadescriptions_unverified_v0,session_datadescriptions_used_unverified,3,3,0,1,0,1,caution,regional_risk_overlay,
671_T1_P1_R1,671_T1_P1_R1_Take_2026-01-06_03.57.12_PM_001,,16323,,,,,unknown,,unmapped,unmapped,session_datadescriptions_unverified_v0,session_datadescriptions_used_unverified,3,3,0,1,0,1,caution,regional_risk_overlay,
671_T1_P1_R1,671_T1_P1_R1_Take_2026-01-06_03.57.12_PM_001,,16324,,,,,unknown,,unmapped,unmapped,session_datadescriptions_unverified_v0,session_datadescriptions_used_unverified,3,3,0,1,0,1,caution,regional_risk_overlay,
671_T1_P1_R1,671_T1_P1_R1_Take_2026-01-06_03.57.12_PM_001,,16325,,,,,unknown,,unmapped,unmapped,session_datadescriptions_unverified_v0,session_datadescriptions_used_unverified,3,3,0,1,0,1,caution,regional_risk_overlay,
671_T1_P1_R1,671_T1_P1_R1_Take_2026-01-06_03.57.12_PM_001,,16326,,,,,unknown,,unmapped,unmapped,session_datadescriptions_unverified_v0,session_datadescriptions_used_unverified,3,3,0,1,0,1,caution,regional_risk_overlay,
671_T1_P1_R1,671_T1_P1_R1_Take_2026-01-06_03.57.12_PM_001,,16327,,,,,unknown,,unmapped,unmapped,session_datadescriptions_unverified_v0,session_datadescriptions_used_unverified,3,3,0,1,0,1,caution,regional_risk_overlay,
671_T1_P1_R1,671_T1_P1_R1_Take_2026-01-06_03.57.12_PM_001,,16328,,,,,unknown,,unmapped,unmapped,session_datadescriptions_unverified_v0,session_datadescriptions_used_unverified,3,3,0,1,0,1,caution,regional_risk_overlay,
671_T1_P1_R1,671_T1_P1_R1_Take_2026-01-06_03.57.12_PM_001,,16329,,,,,unknown,,unmapped,unmapped,session_datadescriptions_unverified_v0,session_datadescriptions_used_unverified,4,4,0,1,1,1,caution,regional_risk_overlay,
671_T1_P1_R1,671_T1_P1_R1_Take_2026-01-06_03.57.12_PM_001,,16329-16329,,,,,unknown,,unmapped,unmapped,session_datadescriptions_unverified_v0,session_datadescriptions_used_unverified,1,1,0,0,0,1,caution,regional_risk_overlay,
671_T1_P1_R1,671_T1_P1_R1_Take_2026-01-06_03.57.12_PM_001,,16368,,,,,unknown,,unmapped,unmapped,session_datadescriptions_unverified_v0,session_datadescriptions_used_unverified,2,2,0,0,1,0,caution,regional_risk_overlay,
671_T1_P1_R1,671_T1_P1_R1_Take_2026-01-06_03.57.12_PM_001,,16368-16368,,,,,unknown,,unmapped,unmapped,session_datadescriptions_unverified_v0,session_datadescriptions_used_unverified,1,1,0,0,1,0,caution,regional_risk_overlay,
671_T1_P1_R1,671_T1_P1_R1_Take_2026-01-06_03.57.12_PM_001,,16393,,,,,unknown,,unmapped,unmapped,session_datadescriptions_unverified_v0,session_datadescriptions_used_unverified,2,2,0,0,0,0,caution,regional_risk_overlay,
671_T1_P1_R1,671_T1_P1_R1_Take_2026-01-06_03.57.12_PM_001,,16393-16400,,,,,unknown,,unmapped,unmapped,session_datadescriptions_unverified_v0,session_datadescriptions_used_unverified,1,8,0,0,0,0,caution,regional_risk_overlay,
671_T1_P1_R1,671_T1_P1_R1_Take_2026-01-06_03.57.12_PM_001,,16394,,,,,unknown,,unmapped,unmapped,session_datadescriptions_unverified_v0,session_datadescriptions_used_unverified,2,2,0,0,0,0,caution,regional_risk_overlay,
671_T1_P1_R1,671_T1_P1_R1_Take_2026-01-06_03.57.12_PM_001,,16395,,,,,unknown,,unmapped,unmapped,session_datadescriptions_unverified_v0,session_datadescriptions_used_unverified,2,2,0,0,0,0,caution,regional_risk_overlay,
671_T1_P1_R1,671_T1_P1_R1_Take_2026-01-06_03.57.12_PM_001,,16396,,,,,unknown,,unmapped,unmapped,session_datadescriptions_unverified_v0,session_datadescriptions_used_unverified,2,2,0,0,0,0,caution,regional_risk_overlay,
671_T1_P1_R1,671_T1_P1_R1_Take_2026-01-06_03.57.12_PM_001,,16397,,,,,unknown,,unmapped,unmapped,session_datadescriptions_unverified_v0,session_datadescriptions_used_unverified,2,2,0,0,0,0,caution,regional_risk_overlay,
671_T1_P1_R1,671_T1_P1_R1_Take_2026-01-06_03.57.12_PM_001,,16398,,,,,unknown,,unmapped,unmapped,session_datadescriptions_unverified_v0,session_datadescriptions_used_unverified,2,2,0,0,0,0,caution,regional_risk_overlay,
671_T1_P1_R1,671_T1_P1_R1_Take_2026-01-06_03.57.12_PM_001,,16399,,,,,unknown,,unmapped,unmapped,session_datadescriptions_unverified_v0,session_datadescriptions_used_unverified,2,2,0,0,0,0,caution,regional_risk_overlay,
671_T1_P1_R1,671_T1_P1_R1_Take_2026-01-06_03.57.12_PM_001,,16400,,,,,unknown,,unmapped,unmapped,session_datadescriptions_unverified_v0,session_datadescriptions_used_unverified,2,2,0,0,0,0,caution,regional_risk_overlay,
671_T1_P1_R1,671_T1_P1_R1_Take_2026-01-06_03.57.12_PM_001,,16401,,,,,unknown,,unmapped,unmapped,session_datadescriptions_unverified_v0,session_datadescriptions_used_unverified,2,2,1,0,0,0,exclude,regional_risk_overlay,
671_T1_P1_R1,671_T1_P1_R1_Take_2026-01-06_03.57.12_PM_001,,16401-16473,,,,,unknown,,unmapped,unmapped,session_datadescriptions_unverified_v0,session_datadescriptions_used_unverified,1,73,0,0,0,0,exclude,regional_risk_overlay,
671_T1_P1_R1,671_T1_P1_R1_Take_2026-01-06_03.57.12_PM_001,,16402,,,,,unknown,,unmapped,unmapped,session_datadescriptions_unverified_v0,session_datadescriptions_used_unverified,2,2,1,0,0,0,exclude,regional_risk_overlay,
671_T1_P1_R1,671_T1_P1_R1_Take_2026-01-06_03.57.12_PM_001,,16403,,,,,unknown,,unmapped,unmapped,session_datadescriptions_unverified_v0,session_datadescriptions_used_unverified,2,2,1,0,0,0,exclude,regional_risk_overlay,
671_T1_P1_R1,671_T1_P1_R1_Take_2026-01-06_03.57.12_PM_001,,16404,,,,,unknown,,unmapped,unmapped,session_datadescriptions_unverified_v0,session_datadescriptions_used_unverified,2,2,1,0,0,0,exclude,regional_risk_overlay,
671_T1_P1_R1,671_T1_P1_R1_Take_2026-01-06_03.57.12_PM_001,,16405,,,,,unknown,,unmapped,unmapped,session_datadescriptions_unverified_v0,session_datadescriptions_used_unverified,2,2,1,0,0,0,exclude,regional_risk_overlay,
671_T1_P1_R1,671_T1_P1_R1_Take_2026-01-06_03.57.12_PM_001,,16406,,,,,unknown,,unmapped,unmapped,session_datadescriptions_unverified_v0,session_datadescriptions_used_unverified,2,2,1,0,0,0,exclude,regional_risk_overlay,
671_T1_P1_R1,671_T1_P1_R1_Take_2026-01-06_03.57.12_PM_001,,16407,,,,,unknown,,unmapped,unmapped,session_datadescriptions_unverified_v0,session_datadescriptions_used_unverified,2,2,1,0,0,0,exclude,regional_risk_overlay,
671_T1_P1_R1,671_T1_P1_R1_Take_2026-01-06_03.57.12_PM_001,,16408,,,,,unknown,,unmapped,unmapped,session_datadescriptions_unverified_v0,session_datadescriptions_used_unverified,2,2,1,0,0,0,exclude,regional_risk_overlay,
671_T1_P1_R1,671_T1_P1_R1_Take_2026-01-06_03.57.12_PM_001,,16409,,,,,unknown,,unmapped,unmapped,session_datadescriptions_unverified_v0,session_datadescriptions_used_unverified,2,2,1,0,0,0,exclude,regional_risk_overlay,
671_T1_P1_R1,671_T1_P1_R1_Take_2026-01-06_03.57.12_PM_001,,16410,,,,,unknown,,unmapped,unmapped,session_datadescriptions_unverified_v0,session_datadescriptions_used_unverified,2,2,1,0,0,0,exclude,regional_risk_overlay,
671_T1_P1_R1,671_T1_P1_R1_Take_2026-01-06_03.57.12_PM_001,,16411,,,,,unknown,,unmapped,unmapped,session_datadescriptions_unverified_v0,session_datadescriptions_used_unverified,2,2,1,0,0,0,exclude,regional_risk_overlay,
671_T1_P1_R1,671_T1_P1_R1_Take_2026-01-06_03.57.12_PM_001,,16412,,,,,unknown,,unmapped,unmapped,session_datadescriptions_unverified_v0,session_datadescriptions_used_unverified,2,2,1,0,0,0,exclude,regional_risk_overlay,
671_T1_P1_R1,671_T1_P1_R1_Take_2026-01-06_03.57.12_PM_001,,16413,,,,,unknown,,unmapped,unmapped,session_datadescriptions_unverified_v0,session_datadescriptions_used_unverified,2,2,1,0,0,0,exclude,regional_risk_overlay,
671_T1_P1_R1,671_T1_P1_R1_Take_2026-01-06_03.57.12_PM_001,,16414,,,,,unknown,,unmapped,unmapped,session_datadescriptions_unverified_v0,session_datadescriptions_used_unverified,2,2,1,0,0,0,exclude,regional_risk_overlay,
671_T1_P1_R1,671_T1_P1_R1_Take_2026-01-06_03.57.12_PM_001,,16415,,,,,unknown,,unmapped,unmapped,session_datadescriptions_unverified_v0,session_datadescriptions_used_unverified,2,2,1,0,0,0,exclude,regional_risk_overlay,
671_T1_P1_R1,671_T1_P1_R1_Take_2026-01-06_03.57.12_PM_001,,16416,,,,,unknown,,unmapped,unmapped,session_datadescriptions_unverified_v0,session_datadescriptions_used_unverified,2,2,1,0,0,0,exclude,regional_risk_overlay,
671_T1_P1_R1,671_T1_P1_R1_Take_2026-01-06_03.57.12_PM_001,,16417,,,,,unknown,,unmapped,unmapped,session_datadescriptions_unverified_v0,session_datadescriptions_used_unverified,2,2,1,0,0,0,exclude,regional_risk_overlay,
671_T1_P1_R1,671_T1_P1_R1_Take_2026-01-06_03.57.12_PM_001,,16418,,,,,unknown,,unmapped,unmapped,session_datadescriptions_unverified_v0,session_datadescriptions_used_unverified,2,2,1,0,0,0,exclude,regional_risk_overlay,
671_T1_P1_R1,671_T1_P1_R1_Take_2026-01-06_03.57.12_PM_001,,16419,,,,,unknown,,unmapped,unmapped,session_datadescriptions_unverified_v0,session_datadescriptions_used_unverified,2,2,1,0,0,0,exclude,regional_risk_overlay,
671_T1_P1_R1,671_T1_P1_R1_Take_2026-01-06_03.57.12_PM_001,,16420,,,,,unknown,,unmapped,unmapped,session_datadescriptions_unverified_v0,session_datadescriptions_used_unverified,2,2,1,0,0,0,exclude,regional_risk_overlay,
671_T1_P1_R1,671_T1_P1_R1_Take_2026-01-06_03.57.12_PM_001,,16421,,,,,unknown,,unmapped,unmapped,session_datadescriptions_unverified_v0,session_datadescriptions_used_unverified,2,2,1,0,0,0,exclude,regional_risk_overlay,
671_T1_P1_R1,671_T1_P1_R1_Take_2026-01-06_03.57.12_PM_001,,16422,,,,,unknown,,unmapped,unmapped,session_datadescriptions_unverified_v0,session_datadescriptions_used_unverified,2,2,1,0,0,0,exclude,regional_risk_overlay,
671_T1_P1_R1,671_T1_P1_R1_Take_2026-01-06_03.57.12_PM_001,,16423,,,,,unknown,,unmapped,unmapped,session_datadescriptions_unverified_v0,session_datadescriptions_used_unverified,2,2,1,0,0,0,exclude,regional_risk_overlay,
671_T1_P1_R1,671_T1_P1_R1_Take_2026-01-06_03.57.12_PM_001,,16424,,,,,unknown,,unmapped,unmapped,session_datadescriptions_unverified_v0,session_datadescriptions_used_unverified,2,2,1,0,0,0,exclude,regional_risk_overlay,
671_T1_P1_R1,671_T1_P1_R1_Take_2026-01-06_03.57.12_PM_001,,16425,,,,,unknown,,unmapped,unmapped,session_datadescriptions_unverified_v0,session_datadescriptions_used_unverified,2,2,1,0,0,0,exclude,regional_risk_overlay,
671_T1_P1_R1,671_T1_P1_R1_Take_2026-01-06_03.57.12_PM_001,,16426,,,,,unknown,,unmapped,unmapped,session_datadescriptions_unverified_v0,session_datadescriptions_used_unverified,2,2,1,0,0,0,exclude,regional_risk_overlay,
671_T1_P1_R1,671_T1_P1_R1_Take_2026-01-06_03.57.12_PM_001,,16427,,,,,unknown,,unmapped,unmapped,session_datadescriptions_unverified_v0,session_datadescriptions_used_unverified,2,2,1,0,0,0,exclude,regional_risk_overlay,
671_T1_P1_R1,671_T1_P1_R1_Take_2026-01-06_03.57.12_PM_001,,16428,,,,,unknown,,unmapped,unmapped,session_datadescriptions_unverified_v0,session_datadescriptions_used_unverified,2,2,1,0,0,0,exclude,regional_risk_overlay,
671_T1_P1_R1,671_T1_P1_R1_Take_2026-01-06_03.57.12_PM_001,,16429,,,,,unknown,,unmapped,unmapped,session_datadescriptions_unverified_v0,session_datadescriptions_used_unverified,2,2,1,0,0,0,exclude,regional_risk_overlay,
671_T1_P1_R1,671_T1_P1_R1_Take_2026-01-06_03.57.12_PM_001,,16430,,,,,unknown,,unmapped,unmapped,session_datadescriptions_unverified_v0,session_datadescriptions_used_unverified,2,2,1,0,0,0,exclude,regional_risk_overlay,
671_T1_P1_R1,671_T1_P1_R1_Take_2026-01-06_03.57.12_PM_001,,16431,,,,,unknown,,unmapped,unmapped,session_datadescriptions_unverified_v0,session_datadescriptions_used_unverified,2,2,1,0,0,0,exclude,regional_risk_overlay,
671_T1_P1_R1,671_T1_P1_R1_Take_2026-01-06_03.57.12_PM_001,,16432,,,,,unknown,,unmapped,unmapped,session_datadescriptions_unverified_v0,session_datadescriptions_used_unverified,2,2,1,0,0,0,exclude,regional_risk_overlay,
671_T1_P1_R1,671_T1_P1_R1_Take_2026-01-06_03.57.12_PM_001,,16433,,,,,unknown,,unmapped,unmapped,session_datadescriptions_unverified_v0,session_datadescriptions_used_unverified,2,2,1,0,0,0,exclude,regional_risk_overlay,
671_T1_P1_R1,671_T1_P1_R1_Take_2026-01-06_03.57.12_PM_001,,16434,,,,,unknown,,unmapped,unmapped,session_datadescriptions_unverified_v0,session_datadescriptions_used_unverified,2,2,1,0,0,0,exclude,regional_risk_overlay,
671_T1_P1_R1,671_T1_P1_R1_Take_2026-01-06_03.57.12_PM_001,,16435,,,,,unknown,,unmapped,unmapped,session_datadescriptions_unverified_v0,session_datadescriptions_used_unverified,2,2,1,0,0,0,exclude,regional_risk_overlay,
671_T1_P1_R1,671_T1_P1_R1_Take_2026-01-06_03.57.12_PM_001,,16436,,,,,unknown,,unmapped,unmapped,session_datadescriptions_unverified_v0,session_datadescriptions_used_unverified,2,2,1,0,0,0,exclude,regional_risk_overlay,
671_T1_P1_R1,671_T1_P1_R1_Take_2026-01-06_03.57.12_PM_001,,16437,,,,,unknown,,unmapped,unmapped,session_datadescriptions_unverified_v0,session_datadescriptions_used_unverified,2,2,1,0,0,0,exclude,regional_risk_overlay,
671_T1_P1_R1,671_T1_P1_R1_Take_2026-01-06_03.57.12_PM_001,,16438,,,,,unknown,,unmapped,unmapped,session_datadescriptions_unverified_v0,session_datadescriptions_used_unverified,2,2,1,0,0,0,exclude,regional_risk_overlay,
671_T1_P1_R1,671_T1_P1_R1_Take_2026-01-06_03.57.12_PM_001,,16439,,,,,unknown,,unmapped,unmapped,session_datadescriptions_unverified_v0,session_datadescriptions_used_unverified,2,2,1,0,0,0,exclude,regional_risk_overlay,
671_T1_P1_R1,671_T1_P1_R1_Take_2026-01-06_03.57.12_PM_001,,16440,,,,,unknown,,unmapped,unmapped,session_datadescriptions_unverified_v0,session_datadescriptions_used_unverified,2,2,1,0,0,0,exclude,regional_risk_overlay,
671_T1_P1_R1,671_T1_P1_R1_Take_2026-01-06_03.57.12_PM_001,,16441,,,,,unknown,,unmapped,unmapped,session_datadescriptions_unverified_v0,session_datadescriptions_used_unverified,2,2,1,0,0,0,exclude,regional_risk_overlay,
671_T1_P1_R1,671_T1_P1_R1_Take_2026-01-06_03.57.12_PM_001,,16442,,,,,unknown,,unmapped,unmapped,session_datadescriptions_unverified_v0,session_datadescriptions_used_unverified,2,2,1,0,0,0,exclude,regional_risk_overlay,
671_T1_P1_R1,671_T1_P1_R1_Take_2026-01-06_03.57.12_PM_001,,16443,,,,,unknown,,unmapped,unmapped,session_datadescriptions_unverified_v0,session_datadescriptions_used_unverified,2,2,1,0,0,0,exclude,regional_risk_overlay,
671_T1_P1_R1,671_T1_P1_R1_Take_2026-01-06_03.57.12_PM_001,,16444,,,,,unknown,,unmapped,unmapped,session_datadescriptions_unverified_v0,session_datadescriptions_used_unverified,2,2,1,0,0,0,exclude,regional_risk_overlay,
671_T1_P1_R1,671_T1_P1_R1_Take_2026-01-06_03.57.12_PM_001,,16445,,,,,unknown,,unmapped,unmapped,session_datadescriptions_unverified_v0,session_datadescriptions_used_unverified,2,2,1,0,0,0,exclude,regional_risk_overlay,
671_T1_P1_R1,671_T1_P1_R1_Take_2026-01-06_03.57.12_PM_001,,16446,,,,,unknown,,unmapped,unmapped,session_datadescriptions_unverified_v0,session_datadescriptions_used_unverified,2,2,1,0,0,0,exclude,regional_risk_overlay,
671_T1_P1_R1,671_T1_P1_R1_Take_2026-01-06_03.57.12_PM_001,,16447,,,,,unknown,,unmapped,unmapped,session_datadescriptions_unverified_v0,session_datadescriptions_used_unverified,2,2,1,0,0,0,exclude,regional_risk_overlay,
671_T1_P1_R1,671_T1_P1_R1_Take_2026-01-06_03.57.12_PM_001,,16448,,,,,unknown,,unmapped,unmapped,session_datadescriptions_unverified_v0,session_datadescriptions_used_unverified,2,2,1,0,0,0,exclude,regional_risk_overlay,
671_T1_P1_R1,671_T1_P1_R1_Take_2026-01-06_03.57.12_PM_001,,16449,,,,,unknown,,unmapped,unmapped,session_datadescriptions_unverified_v0,session_datadescriptions_used_unverified,2,2,1,0,0,0,exclude,regional_risk_overlay,
671_T1_P1_R1,671_T1_P1_R1_Take_2026-01-06_03.57.12_PM_001,,16450,,,,,unknown,,unmapped,unmapped,session_datadescriptions_unverified_v0,session_datadescriptions_used_unverified,2,2,1,0,0,0,exclude,regional_risk_overlay,
671_T1_P1_R1,671_T1_P1_R1_Take_2026-01-06_03.57.12_PM_001,,16451,,,,,unknown,,unmapped,unmapped,session_datadescriptions_unverified_v0,session_datadescriptions_used_unverified,2,2,1,0,0,0,exclude,regional_risk_overlay,
671_T1_P1_R1,671_T1_P1_R1_Take_2026-01-06_03.57.12_PM_001,,16452,,,,,unknown,,unmapped,unmapped,session_datadescriptions_unverified_v0,session_datadescriptions_used_unverified,2,2,1,0,0,0,exclude,regional_risk_overlay,
671_T1_P1_R1,671_T1_P1_R1_Take_2026-01-06_03.57.12_PM_001,,16453,,,,,unknown,,unmapped,unmapped,session_datadescriptions_unverified_v0,session_datadescriptions_used_unverified,2,2,1,0,0,0,exclude,regional_risk_overlay,
671_T1_P1_R1,671_T1_P1_R1_Take_2026-01-06_03.57.12_PM_001,,16454,,,,,unknown,,unmapped,unmapped,session_datadescriptions_unverified_v0,session_datadescriptions_used_unverified,2,2,1,0,0,0,exclude,regional_risk_overlay,
671_T1_P1_R1,671_T1_P1_R1_Take_2026-01-06_03.57.12_PM_001,,16455,,,,,unknown,,unmapped,unmapped,session_datadescriptions_unverified_v0,session_datadescriptions_used_unverified,2,2,1,0,0,0,exclude,regional_risk_overlay,
671_T1_P1_R1,671_T1_P1_R1_Take_2026-01-06_03.57.12_PM_001,,16456,,,,,unknown,,unmapped,unmapped,session_datadescriptions_unverified_v0,session_datadescriptions_used_unverified,2,2,1,0,0,0,exclude,regional_risk_overlay,
671_T1_P1_R1,671_T1_P1_R1_Take_2026-01-06_03.57.12_PM_001,,16457,,,,,unknown,,unmapped,unmapped,session_datadescriptions_unverified_v0,session_datadescriptions_used_unverified,2,2,1,0,0,0,exclude,regional_risk_overlay,
671_T1_P1_R1,671_T1_P1_R1_Take_2026-01-06_03.57.12_PM_001,,16458,,,,,unknown,,unmapped,unmapped,session_datadescriptions_unverified_v0,session_datadescriptions_used_unverified,2,2,1,0,0,0,exclude,regional_risk_overlay,
671_T1_P1_R1,671_T1_P1_R1_Take_2026-01-06_03.57.12_PM_001,,16459,,,,,unknown,,unmapped,unmapped,session_datadescriptions_unverified_v0,session_datadescriptions_used_unverified,2,2,1,0,0,0,exclude,regional_risk_overlay,
671_T1_P1_R1,671_T1_P1_R1_Take_2026-01-06_03.57.12_PM_001,,16460,,,,,unknown,,unmapped,unmapped,session_datadescriptions_unverified_v0,session_datadescriptions_used_unverified,2,2,1,0,0,0,exclude,regional_risk_overlay,
671_T1_P1_R1,671_T1_P1_R1_Take_2026-01-06_03.57.12_PM_001,,16461,,,,,unknown,,unmapped,unmapped,session_datadescriptions_unverified_v0,session_datadescriptions_used_unverified,2,2,1,0,0,0,exclude,regional_risk_overlay,
671_T1_P1_R1,671_T1_P1_R1_Take_2026-01-06_03.57.12_PM_001,,16462,,,,,unknown,,unmapped,unmapped,session_datadescriptions_unverified_v0,session_datadescriptions_used_unverified,2,2,1,0,0,0,exclude,regional_risk_overlay,
671_T1_P1_R1,671_T1_P1_R1_Take_2026-01-06_03.57.12_PM_001,,16463,,,,,unknown,,unmapped,unmapped,session_datadescriptions_unverified_v0,session_datadescriptions_used_unverified,2,2,1,0,0,0,exclude,regional_risk_overlay,
671_T1_P1_R1,671_T1_P1_R1_Take_2026-01-06_03.57.12_PM_001,,16464,,,,,unknown,,unmapped,unmapped,session_datadescriptions_unverified_v0,session_datadescriptions_used_unverified,2,2,1,0,0,0,exclude,regional_risk_overlay,
671_T1_P1_R1,671_T1_P1_R1_Take_2026-01-06_03.57.12_PM_001,,16465,,,,,unknown,,unmapped,unmapped,session_datadescriptions_unverified_v0,session_datadescriptions_used_unverified,2,2,1,0,0,0,exclude,regional_risk_overlay,
671_T1_P1_R1,671_T1_P1_R1_Take_2026-01-06_03.57.12_PM_001,,16466,,,,,unknown,,unmapped,unmapped,session_datadescriptions_unverified_v0,session_datadescriptions_used_unverified,2,2,1,0,0,0,exclude,regional_risk_overlay,
671_T1_P1_R1,671_T1_P1_R1_Take_2026-01-06_03.57.12_PM_001,,16467,,,,,unknown,,unmapped,unmapped,session_datadescriptions_unverified_v0,session_datadescriptions_used_unverified,2,2,1,0,0,0,exclude,regional_risk_overlay,
671_T1_P1_R1,671_T1_P1_R1_Take_2026-01-06_03.57.12_PM_001,,16468,,,,,unknown,,unmapped,unmapped,session_datadescriptions_unverified_v0,session_datadescriptions_used_unverified,2,2,1,0,0,0,exclude,regional_risk_overlay,
671_T1_P1_R1,671_T1_P1_R1_Take_2026-01-06_03.57.12_PM_001,,16469,,,,,unknown,,unmapped,unmapped,session_datadescriptions_unverified_v0,session_datadescriptions_used_unverified,2,2,1,0,0,0,exclude,regional_risk_overlay,
671_T1_P1_R1,671_T1_P1_R1_Take_2026-01-06_03.57.12_PM_001,,16470,,,,,unknown,,unmapped,unmapped,session_datadescriptions_unverified_v0,session_datadescriptions_used_unverified,2,2,1,0,0,0,exclude,regional_risk_overlay,
671_T1_P1_R1,671_T1_P1_R1_Take_2026-01-06_03.57.12_PM_001,,16471,,,,,unknown,,unmapped,unmapped,session_datadescriptions_unverified_v0,session_datadescriptions_used_unverified,2,2,1,0,0,0,exclude,regional_risk_overlay,
671_T1_P1_R1,671_T1_P1_R1_Take_2026-01-06_03.57.12_PM_001,,16472,,,,,unknown,,unmapped,unmapped,session_datadescriptions_unverified_v0,session_datadescriptions_used_unverified,2,2,1,0,0,0,exclude,regional_risk_overlay,
671_T1_P1_R1,671_T1_P1_R1_Take_2026-01-06_03.57.12_PM_001,,16473,,,,,unknown,,unmapped,unmapped,session_datadescriptions_unverified_v0,session_datadescriptions_used_unverified,2,2,1,0,0,0,exclude,regional_risk_overlay,
671_T1_P1_R1,671_T1_P1_R1_Take_2026-01-06_03.57.12_PM_001,,16474,,,,,unknown,,unmapped,unmapped,session_datadescriptions_unverified_v0,session_datadescriptions_used_unverified,2,2,0,0,0,0,caution,regional_risk_overlay,
671_T1_P1_R1,671_T1_P1_R1_Take_2026-01-06_03.57.12_PM_001,,16474-16481,,,,,unknown,,unmapped,unmapped,session_datadescriptions_unverified_v0,session_datadescriptions_used_unverified,1,8,0,0,0,0,caution,regional_risk_overlay,
671_T1_P1_R1,671_T1_P1_R1_Take_2026-01-06_03.57.12_PM_001,,16475,,,,,unknown,,unmapped,unmapped,session_datadescriptions_unverified_v0,session_datadescriptions_used_unverified,2,2,0,0,0,0,caution,regional_risk_overlay,
671_T1_P1_R1,671_T1_P1_R1_Take_2026-01-06_03.57.12_PM_001,,16476,,,,,unknown,,unmapped,unmapped,session_datadescriptions_unverified_v0,session_datadescriptions_used_unverified,2,2,0,0,0,0,caution,regional_risk_overlay,
671_T1_P1_R1,671_T1_P1_R1_Take_2026-01-06_03.57.12_PM_001,,16477,,,,,unknown,,unmapped,unmapped,session_datadescriptions_unverified_v0,session_datadescriptions_used_unverified,2,2,0,0,0,0,caution,regional_risk_overlay,
671_T1_P1_R1,671_T1_P1_R1_Take_2026-01-06_03.57.12_PM_001,,16478,,,,,unknown,,unmapped,unmapped,session_datadescriptions_unverified_v0,session_datadescriptions_used_unverified,2,2,0,0,0,0,caution,regional_risk_overlay,
671_T1_P1_R1,671_T1_P1_R1_Take_2026-01-06_03.57.12_PM_001,,16479,,,,,unknown,,unmapped,unmapped,session_datadescriptions_unverified_v0,session_datadescriptions_used_unverified,2,2,0,0,0,0,caution,regional_risk_overlay,
671_T1_P1_R1,671_T1_P1_R1_Take_2026-01-06_03.57.12_PM_001,,16480,,,,,unknown,,unmapped,unmapped,session_datadescriptions_unverified_v0,session_datadescriptions_used_unverified,2,2,0,0,0,0,caution,regional_risk_overlay,
671_T1_P1_R1,671_T1_P1_R1_Take_2026-01-06_03.57.12_PM_001,,16481,,,,,unknown,,unmapped,unmapped,session_datadescriptions_unverified_v0,session_datadescriptions_used_unverified,2,2,0,0,0,0,caution,regional_risk_overlay,
671_T1_P1_R1,671_T1_P1_R1_Take_2026-01-06_03.57.12_PM_001,,16536,,,,,unknown,,unmapped,unmapped,session_datadescriptions_unverified_v0,session_datadescriptions_used_unverified,2,2,0,0,0,0,caution,regional_risk_overlay,
671_T1_P1_R1,671_T1_P1_R1_Take_2026-01-06_03.57.12_PM_001,,16536-16543,,,,,unknown,,unmapped,unmapped,session_datadescriptions_unverified_v0,session_datadescriptions_used_unverified,1,8,0,0,0,0,caution,regional_risk_overlay,
671_T1_P1_R1,671_T1_P1_R1_Take_2026-01-06_03.57.12_PM_001,,16537,,,,,unknown,,unmapped,unmapped,session_datadescriptions_unverified_v0,session_datadescriptions_used_unverified,2,2,0,0,0,0,caution,regional_risk_overlay,
671_T1_P1_R1,671_T1_P1_R1_Take_2026-01-06_03.57.12_PM_001,,16538,,,,,unknown,,unmapped,unmapped,session_datadescriptions_unverified_v0,session_datadescriptions_used_unverified,2,2,0,0,0,0,caution,regional_risk_overlay,
671_T1_P1_R1,671_T1_P1_R1_Take_2026-01-06_03.57.12_PM_001,,16539,,,,,unknown,,unmapped,unmapped,session_datadescriptions_unverified_v0,session_datadescriptions_used_unverified,2,2,0,0,0,0,caution,regional_risk_overlay,
671_T1_P1_R1,671_T1_P1_R1_Take_2026-01-06_03.57.12_PM_001,,16540,,,,,unknown,,unmapped,unmapped,session_datadescriptions_unverified_v0,session_datadescriptions_used_unverified,2,2,0,0,0,0,caution,regional_risk_overlay,
671_T1_P1_R1,671_T1_P1_R1_Take_2026-01-06_03.57.12_PM_001,,16541,,,,,unknown,,unmapped,unmapped,session_datadescriptions_unverified_v0,session_datadescriptions_used_unverified,2,2,0,0,0,0,caution,regional_risk_overlay,
671_T1_P1_R1,671_T1_P1_R1_Take_2026-01-06_03.57.12_PM_001,,16542,,,,,unknown,,unmapped,unmapped,session_datadescriptions_unverified_v0,session_datadescriptions_used_unverified,2,2,0,0,0,0,caution,regional_risk_overlay,
671_T1_P1_R1,671_T1_P1_R1_Take_2026-01-06_03.57.12_PM_001,,16543,,,,,unknown,,unmapped,unmapped,session_datadescriptions_unverified_v0,session_datadescriptions_used_unverified,2,2,0,0,0,0,caution,regional_risk_overlay,
671_T1_P1_R1,671_T1_P1_R1_Take_2026-01-06_03.57.12_PM_001,,16544,,,,,unknown,,unmapped,unmapped,session_datadescriptions_unverified_v0,session_datadescriptions_used_unverified,2,2,1,0,0,0,exclude,regional_risk_overlay,
671_T1_P1_R1,671_T1_P1_R1_Take_2026-01-06_03.57.12_PM_001,,16544-16555,,,,,unknown,,unmapped,unmapped,session_datadescriptions_unverified_v0,session_datadescriptions_used_unverified,1,12,0,0,0,0,exclude,regional_risk_overlay,
671_T1_P1_R1,671_T1_P1_R1_Take_2026-01-06_03.57.12_PM_001,,16545,,,,,unknown,,unmapped,unmapped,session_datadescriptions_unverified_v0,session_datadescriptions_used_unverified,2,2,1,0,0,0,exclude,regional_risk_overlay,
671_T1_P1_R1,671_T1_P1_R1_Take_2026-01-06_03.57.12_PM_001,,16546,,,,,unknown,,unmapped,unmapped,session_datadescriptions_unverified_v0,session_datadescriptions_used_unverified,2,2,1,0,0,0,exclude,regional_risk_overlay,
671_T1_P1_R1,671_T1_P1_R1_Take_2026-01-06_03.57.12_PM_001,,16547,,,,,unknown,,unmapped,unmapped,session_datadescriptions_unverified_v0,session_datadescriptions_used_unverified,2,2,1,0,0,0,exclude,regional_risk_overlay,
671_T1_P1_R1,671_T1_P1_R1_Take_2026-01-06_03.57.12_PM_001,,16548,,,,,unknown,,unmapped,unmapped,session_datadescriptions_unverified_v0,session_datadescriptions_used_unverified,2,2,1,0,0,0,exclude,regional_risk_overlay,
671_T1_P1_R1,671_T1_P1_R1_Take_2026-01-06_03.57.12_PM_001,,16549,,,,,unknown,,unmapped,unmapped,session_datadescriptions_unverified_v0,session_datadescriptions_used_unverified,2,2,1,0,0,0,exclude,regional_risk_overlay,
671_T1_P1_R1,671_T1_P1_R1_Take_2026-01-06_03.57.12_PM_001,,16550,,,,,unknown,,unmapped,unmapped,session_datadescriptions_unverified_v0,session_datadescriptions_used_unverified,2,2,1,0,0,0,exclude,regional_risk_overlay,
671_T1_P1_R1,671_T1_P1_R1_Take_2026-01-06_03.57.12_PM_001,,16551,,,,,unknown,,unmapped,unmapped,session_datadescriptions_unverified_v0,session_datadescriptions_used_unverified,2,2,1,0,0,0,exclude,regional_risk_overlay,
671_T1_P1_R1,671_T1_P1_R1_Take_2026-01-06_03.57.12_PM_001,,16552,,,,,unknown,,unmapped,unmapped,session_datadescriptions_unverified_v0,session_datadescriptions_used_unverified,2,2,1,0,0,0,exclude,regional_risk_overlay,
671_T1_P1_R1,671_T1_P1_R1_Take_2026-01-06_03.57.12_PM_001,,16553,,,,,unknown,,unmapped,unmapped,session_datadescriptions_unverified_v0,session_datadescriptions_used_unverified,2,2,1,0,0,0,exclude,regional_risk_overlay,
671_T1_P1_R1,671_T1_P1_R1_Take_2026-01-06_03.57.12_PM_001,,16554,,,,,unknown,,unmapped,unmapped,session_datadescriptions_unverified_v0,session_datadescriptions_used_unverified,2,2,1,0,0,0,exclude,regional_risk_overlay,
671_T1_P1_R1,671_T1_P1_R1_Take_2026-01-06_03.57.12_PM_001,,16555,,,,,unknown,,unmapped,unmapped,session_datadescriptions_unverified_v0,session_datadescriptions_used_unverified,2,2,1,0,0,0,exclude,regional_risk_overlay,
671_T1_P1_R1,671_T1_P1_R1_Take_2026-01-06_03.57.12_PM_001,,16556,,,,,unknown,,unmapped,unmapped,session_datadescriptions_unverified_v0,session_datadescriptions_used_unverified,3,3,1,0,1,0,exclude,regional_risk_overlay,
671_T1_P1_R1,671_T1_P1_R1_Take_2026-01-06_03.57.12_PM_001,,16556-16556,,,,,unknown,,unmapped,unmapped,session_datadescriptions_unverified_v0,session_datadescriptions_used_unverified,1,1,0,0,0,0,exclude,regional_risk_overlay,
671_T1_P1_R1,671_T1_P1_R1_Take_2026-01-06_03.57.12_PM_001,,16557,,,,,unknown,,unmapped,unmapped,session_datadescriptions_unverified_v0,session_datadescriptions_used_unverified,2,2,1,0,0,0,exclude,regional_risk_overlay,
671_T1_P1_R1,671_T1_P1_R1_Take_2026-01-06_03.57.12_PM_001,,16557-16561,,,,,unknown,,unmapped,unmapped,session_datadescriptions_unverified_v0,session_datadescriptions_used_unverified,1,5,0,0,0,0,exclude,regional_risk_overlay,
671_T1_P1_R1,671_T1_P1_R1_Take_2026-01-06_03.57.12_PM_001,,16558,,,,,unknown,,unmapped,unmapped,session_datadescriptions_unverified_v0,session_datadescriptions_used_unverified,2,2,1,0,0,0,exclude,regional_risk_overlay,
671_T1_P1_R1,671_T1_P1_R1_Take_2026-01-06_03.57.12_PM_001,,16559,,,,,unknown,,unmapped,unmapped,session_datadescriptions_unverified_v0,session_datadescriptions_used_unverified,2,2,1,0,0,0,exclude,regional_risk_overlay,
671_T1_P1_R1,671_T1_P1_R1_Take_2026-01-06_03.57.12_PM_001,,16560,,,,,unknown,,unmapped,unmapped,session_datadescriptions_unverified_v0,session_datadescriptions_used_unverified,2,2,1,0,0,0,exclude,regional_risk_overlay,
671_T1_P1_R1,671_T1_P1_R1_Take_2026-01-06_03.57.12_PM_001,,16561,,,,,unknown,,unmapped,unmapped,session_datadescriptions_unverified_v0,session_datadescriptions_used_unverified,2,2,1,0,0,0,exclude,regional_risk_overlay,
671_T1_P1_R1,671_T1_P1_R1_Take_2026-01-06_03.57.12_PM_001,,16562,,,,,unknown,,unmapped,unmapped,session_datadescriptions_unverified_v0,session_datadescriptions_used_unverified,3,3,1,0,1,0,exclude,regional_risk_overlay,
671_T1_P1_R1,671_T1_P1_R1_Take_2026-01-06_03.57.12_PM_001,,16562-16562,,,,,unknown,,unmapped,unmapped,session_datadescriptions_unverified_v0,session_datadescriptions_used_unverified,1,1,0,0,0,0,exclude,regional_risk_overlay,
671_T1_P1_R1,671_T1_P1_R1_Take_2026-01-06_03.57.12_PM_001,,16563,,,,,unknown,,unmapped,unmapped,session_datadescriptions_unverified_v0,session_datadescriptions_used_unverified,2,2,1,0,0,0,exclude,regional_risk_overlay,
671_T1_P1_R1,671_T1_P1_R1_Take_2026-01-06_03.57.12_PM_001,,16563-16565,,,,,unknown,,unmapped,unmapped,session_datadescriptions_unverified_v0,session_datadescriptions_used_unverified,1,3,0,0,0,0,exclude,regional_risk_overlay,
671_T1_P1_R1,671_T1_P1_R1_Take_2026-01-06_03.57.12_PM_001,,16564,,,,,unknown,,unmapped,unmapped,session_datadescriptions_unverified_v0,session_datadescriptions_used_unverified,2,2,1,0,0,0,exclude,regional_risk_overlay,
671_T1_P1_R1,671_T1_P1_R1_Take_2026-01-06_03.57.12_PM_001,,16565,,,,,unknown,,unmapped,unmapped,session_datadescriptions_unverified_v0,session_datadescriptions_used_unverified,2,2,1,0,0,0,exclude,regional_risk_overlay,
671_T1_P1_R1,671_T1_P1_R1_Take_2026-01-06_03.57.12_PM_001,,16566,,,,,unknown,,unmapped,unmapped,session_datadescriptions_unverified_v0,session_datadescriptions_used_unverified,3,3,1,1,0,0,exclude,regional_risk_overlay,
671_T1_P1_R1,671_T1_P1_R1_Take_2026-01-06_03.57.12_PM_001,,16566-16572,,,,,unknown,,unmapped,unmapped,session_datadescriptions_unverified_v0,session_datadescriptions_used_unverified,1,7,0,0,0,0,exclude,regional_risk_overlay,
671_T1_P1_R1,671_T1_P1_R1_Take_2026-01-06_03.57.12_PM_001,,16567,,,,,unknown,,unmapped,unmapped,session_datadescriptions_unverified_v0,session_datadescriptions_used_unverified,3,3,1,1,0,0,exclude,regional_risk_overlay,
671_T1_P1_R1,671_T1_P1_R1_Take_2026-01-06_03.57.12_PM_001,,16568,,,,,unknown,,unmapped,unmapped,session_datadescriptions_unverified_v0,session_datadescriptions_used_unverified,3,3,1,1,0,0,exclude,regional_risk_overlay,
671_T1_P1_R1,671_T1_P1_R1_Take_2026-01-06_03.57.12_PM_001,,16569,,,,,unknown,,unmapped,unmapped,session_datadescriptions_unverified_v0,session_datadescriptions_used_unverified,3,3,1,1,0,0,exclude,regional_risk_overlay,
671_T1_P1_R1,671_T1_P1_R1_Take_2026-01-06_03.57.12_PM_001,,16570,,,,,unknown,,unmapped,unmapped,session_datadescriptions_unverified_v0,session_datadescriptions_used_unverified,3,3,1,1,0,0,exclude,regional_risk_overlay,
671_T1_P1_R1,671_T1_P1_R1_Take_2026-01-06_03.57.12_PM_001,,16571,,,,,unknown,,unmapped,unmapped,session_datadescriptions_unverified_v0,session_datadescriptions_used_unverified,3,3,1,1,0,0,exclude,regional_risk_overlay,
671_T1_P1_R1,671_T1_P1_R1_Take_2026-01-06_03.57.12_PM_001,,16572,,,,,unknown,,unmapped,unmapped,session_datadescriptions_unverified_v0,session_datadescriptions_used_unverified,3,3,1,1,0,0,exclude,regional_risk_overlay,
671_T1_P1_R1,671_T1_P1_R1_Take_2026-01-06_03.57.12_PM_001,,16573,,,,,unknown,,unmapped,unmapped,session_datadescriptions_unverified_v0,session_datadescriptions_used_unverified,4,4,1,1,1,0,exclude,regional_risk_overlay,
671_T1_P1_R1,671_T1_P1_R1_Take_2026-01-06_03.57.12_PM_001,,16573-16573,,,,,unknown,,unmapped,unmapped,session_datadescriptions_unverified_v0,session_datadescriptions_used_unverified,1,1,0,0,0,0,exclude,regional_risk_overlay,
671_T1_P1_R1,671_T1_P1_R1_Take_2026-01-06_03.57.12_PM_001,,16574,,,,,unknown,,unmapped,unmapped,session_datadescriptions_unverified_v0,session_datadescriptions_used_unverified,3,3,1,1,0,0,exclude,regional_risk_overlay,
671_T1_P1_R1,671_T1_P1_R1_Take_2026-01-06_03.57.12_PM_001,,16574-16610,,,,,unknown,,unmapped,unmapped,session_datadescriptions_unverified_v0,session_datadescriptions_used_unverified,1,37,0,0,0,0,exclude,regional_risk_overlay,
671_T1_P1_R1,671_T1_P1_R1_Take_2026-01-06_03.57.12_PM_001,,16575,,,,,unknown,,unmapped,unmapped,session_datadescriptions_unverified_v0,session_datadescriptions_used_unverified,3,3,1,1,0,0,exclude,regional_risk_overlay,
671_T1_P1_R1,671_T1_P1_R1_Take_2026-01-06_03.57.12_PM_001,,16576,,,,,unknown,,unmapped,unmapped,session_datadescriptions_unverified_v0,session_datadescriptions_used_unverified,3,3,1,1,0,0,exclude,regional_risk_overlay,
671_T1_P1_R1,671_T1_P1_R1_Take_2026-01-06_03.57.12_PM_001,,16577,,,,,unknown,,unmapped,unmapped,session_datadescriptions_unverified_v0,session_datadescriptions_used_unverified,3,3,1,1,0,0,exclude,regional_risk_overlay,
671_T1_P1_R1,671_T1_P1_R1_Take_2026-01-06_03.57.12_PM_001,,16578,,,,,unknown,,unmapped,unmapped,session_datadescriptions_unverified_v0,session_datadescriptions_used_unverified,3,3,1,1,0,0,exclude,regional_risk_overlay,
671_T1_P1_R1,671_T1_P1_R1_Take_2026-01-06_03.57.12_PM_001,,16579,,,,,unknown,,unmapped,unmapped,session_datadescriptions_unverified_v0,session_datadescriptions_used_unverified,3,3,1,1,0,0,exclude,regional_risk_overlay,
671_T1_P1_R1,671_T1_P1_R1_Take_2026-01-06_03.57.12_PM_001,,16580,,,,,unknown,,unmapped,unmapped,session_datadescriptions_unverified_v0,session_datadescriptions_used_unverified,3,3,1,1,0,0,exclude,regional_risk_overlay,
671_T1_P1_R1,671_T1_P1_R1_Take_2026-01-06_03.57.12_PM_001,,16581,,,,,unknown,,unmapped,unmapped,session_datadescriptions_unverified_v0,session_datadescriptions_used_unverified,3,3,1,1,0,0,exclude,regional_risk_overlay,
671_T1_P1_R1,671_T1_P1_R1_Take_2026-01-06_03.57.12_PM_001,,16582,,,,,unknown,,unmapped,unmapped,session_datadescriptions_unverified_v0,session_datadescriptions_used_unverified,3,3,1,1,0,0,exclude,regional_risk_overlay,
671_T1_P1_R1,671_T1_P1_R1_Take_2026-01-06_03.57.12_PM_001,,16583,,,,,unknown,,unmapped,unmapped,session_datadescriptions_unverified_v0,session_datadescriptions_used_unverified,3,3,1,1,0,0,exclude,regional_risk_overlay,
671_T1_P1_R1,671_T1_P1_R1_Take_2026-01-06_03.57.12_PM_001,,16584,,,,,unknown,,unmapped,unmapped,session_datadescriptions_unverified_v0,session_datadescriptions_used_unverified,3,3,1,1,0,0,exclude,regional_risk_overlay,
671_T1_P1_R1,671_T1_P1_R1_Take_2026-01-06_03.57.12_PM_001,,16585,,,,,unknown,,unmapped,unmapped,session_datadescriptions_unverified_v0,session_datadescriptions_used_unverified,3,3,1,1,0,0,exclude,regional_risk_overlay,
671_T1_P1_R1,671_T1_P1_R1_Take_2026-01-06_03.57.12_PM_001,,16586,,,,,unknown,,unmapped,unmapped,session_datadescriptions_unverified_v0,session_datadescriptions_used_unverified,3,3,1,1,0,0,exclude,regional_risk_overlay,
671_T1_P1_R1,671_T1_P1_R1_Take_2026-01-06_03.57.12_PM_001,,16587,,,,,unknown,,unmapped,unmapped,session_datadescriptions_unverified_v0,session_datadescriptions_used_unverified,3,3,1,1,0,0,exclude,regional_risk_overlay,
671_T1_P1_R1,671_T1_P1_R1_Take_2026-01-06_03.57.12_PM_001,,16588,,,,,unknown,,unmapped,unmapped,session_datadescriptions_unverified_v0,session_datadescriptions_used_unverified,3,3,1,1,0,0,exclude,regional_risk_overlay,
671_T1_P1_R1,671_T1_P1_R1_Take_2026-01-06_03.57.12_PM_001,,16589,,,,,unknown,,unmapped,unmapped,session_datadescriptions_unverified_v0,session_datadescriptions_used_unverified,3,3,1,1,0,0,exclude,regional_risk_overlay,
671_T1_P1_R1,671_T1_P1_R1_Take_2026-01-06_03.57.12_PM_001,,16590,,,,,unknown,,unmapped,unmapped,session_datadescriptions_unverified_v0,session_datadescriptions_used_unverified,3,3,1,1,0,0,exclude,regional_risk_overlay,
671_T1_P1_R1,671_T1_P1_R1_Take_2026-01-06_03.57.12_PM_001,,16591,,,,,unknown,,unmapped,unmapped,session_datadescriptions_unverified_v0,session_datadescriptions_used_unverified,3,3,1,1,0,0,exclude,regional_risk_overlay,
671_T1_P1_R1,671_T1_P1_R1_Take_2026-01-06_03.57.12_PM_001,,16592,,,,,unknown,,unmapped,unmapped,session_datadescriptions_unverified_v0,session_datadescriptions_used_unverified,3,3,1,1,0,0,exclude,regional_risk_overlay,
671_T1_P1_R1,671_T1_P1_R1_Take_2026-01-06_03.57.12_PM_001,,16593,,,,,unknown,,unmapped,unmapped,session_datadescriptions_unverified_v0,session_datadescriptions_used_unverified,3,3,1,1,0,0,exclude,regional_risk_overlay,
671_T1_P1_R1,671_T1_P1_R1_Take_2026-01-06_03.57.12_PM_001,,16594,,,,,unknown,,unmapped,unmapped,session_datadescriptions_unverified_v0,session_datadescriptions_used_unverified,3,3,1,1,0,0,exclude,regional_risk_overlay,
671_T1_P1_R1,671_T1_P1_R1_Take_2026-01-06_03.57.12_PM_001,,16595,,,,,unknown,,unmapped,unmapped,session_datadescriptions_unverified_v0,session_datadescriptions_used_unverified,3,3,1,1,0,0,exclude,regional_risk_overlay,
671_T1_P1_R1,671_T1_P1_R1_Take_2026-01-06_03.57.12_PM_001,,16596,,,,,unknown,,unmapped,unmapped,session_datadescriptions_unverified_v0,session_datadescriptions_used_unverified,3,3,1,1,0,0,exclude,regional_risk_overlay,
671_T1_P1_R1,671_T1_P1_R1_Take_2026-01-06_03.57.12_PM_001,,16597,,,,,unknown,,unmapped,unmapped,session_datadescriptions_unverified_v0,session_datadescriptions_used_unverified,3,3,1,1,0,0,exclude,regional_risk_overlay,
671_T1_P1_R1,671_T1_P1_R1_Take_2026-01-06_03.57.12_PM_001,,16598,,,,,unknown,,unmapped,unmapped,session_datadescriptions_unverified_v0,session_datadescriptions_used_unverified,3,3,1,1,0,0,exclude,regional_risk_overlay,
671_T1_P1_R1,671_T1_P1_R1_Take_2026-01-06_03.57.12_PM_001,,16599,,,,,unknown,,unmapped,unmapped,session_datadescriptions_unverified_v0,session_datadescriptions_used_unverified,3,3,1,1,0,0,exclude,regional_risk_overlay,
671_T1_P1_R1,671_T1_P1_R1_Take_2026-01-06_03.57.12_PM_001,,16600,,,,,unknown,,unmapped,unmapped,session_datadescriptions_unverified_v0,session_datadescriptions_used_unverified,3,3,1,1,0,0,exclude,regional_risk_overlay,
671_T1_P1_R1,671_T1_P1_R1_Take_2026-01-06_03.57.12_PM_001,,16601,,,,,unknown,,unmapped,unmapped,session_datadescriptions_unverified_v0,session_datadescriptions_used_unverified,3,3,1,1,0,0,exclude,regional_risk_overlay,
671_T1_P1_R1,671_T1_P1_R1_Take_2026-01-06_03.57.12_PM_001,,16602,,,,,unknown,,unmapped,unmapped,session_datadescriptions_unverified_v0,session_datadescriptions_used_unverified,3,3,1,1,0,0,exclude,regional_risk_overlay,
671_T1_P1_R1,671_T1_P1_R1_Take_2026-01-06_03.57.12_PM_001,,16603,,,,,unknown,,unmapped,unmapped,session_datadescriptions_unverified_v0,session_datadescriptions_used_unverified,3,3,1,1,0,0,exclude,regional_risk_overlay,
671_T1_P1_R1,671_T1_P1_R1_Take_2026-01-06_03.57.12_PM_001,,16604,,,,,unknown,,unmapped,unmapped,session_datadescriptions_unverified_v0,session_datadescriptions_used_unverified,3,3,1,1,0,0,exclude,regional_risk_overlay,
671_T1_P1_R1,671_T1_P1_R1_Take_2026-01-06_03.57.12_PM_001,,16605,,,,,unknown,,unmapped,unmapped,session_datadescriptions_unverified_v0,session_datadescriptions_used_unverified,3,3,1,1,0,0,exclude,regional_risk_overlay,
671_T1_P1_R1,671_T1_P1_R1_Take_2026-01-06_03.57.12_PM_001,,16606,,,,,unknown,,unmapped,unmapped,session_datadescriptions_unverified_v0,session_datadescriptions_used_unverified,3,3,1,1,0,0,exclude,regional_risk_overlay,
671_T1_P1_R1,671_T1_P1_R1_Take_2026-01-06_03.57.12_PM_001,,16607,,,,,unknown,,unmapped,unmapped,session_datadescriptions_unverified_v0,session_datadescriptions_used_unverified,3,3,1,1,0,0,exclude,regional_risk_overlay,
671_T1_P1_R1,671_T1_P1_R1_Take_2026-01-06_03.57.12_PM_001,,16608,,,,,unknown,,unmapped,unmapped,session_datadescriptions_unverified_v0,session_datadescriptions_used_unverified,3,3,1,1,0,0,exclude,regional_risk_overlay,
671_T1_P1_R1,671_T1_P1_R1_Take_2026-01-06_03.57.12_PM_001,,16609,,,,,unknown,,unmapped,unmapped,session_datadescriptions_unverified_v0,session_datadescriptions_used_unverified,3,3,1,1,0,0,exclude,regional_risk_overlay,
671_T1_P1_R1,671_T1_P1_R1_Take_2026-01-06_03.57.12_PM_001,,16610,,,,,unknown,,unmapped,unmapped,session_datadescriptions_unverified_v0,session_datadescriptions_used_unverified,3,3,1,1,0,0,exclude,regional_risk_overlay,
671_T1_P1_R1,671_T1_P1_R1_Take_2026-01-06_03.57.12_PM_001,,16611,,,,,unknown,,unmapped,unmapped,session_datadescriptions_unverified_v0,session_datadescriptions_used_unverified,3,3,1,0,1,0,exclude,regional_risk_overlay,
671_T1_P1_R1,671_T1_P1_R1_Take_2026-01-06_03.57.12_PM_001,,16611-16611,,,,,unknown,,unmapped,unmapped,session_datadescriptions_unverified_v0,session_datadescriptions_used_unverified,1,1,0,0,0,0,exclude,regional_risk_overlay,
671_T1_P1_R1,671_T1_P1_R1_Take_2026-01-06_03.57.12_PM_001,,16612,,,,,unknown,,unmapped,unmapped,session_datadescriptions_unverified_v0,session_datadescriptions_used_unverified,2,2,1,0,0,0,exclude,regional_risk_overlay,
671_T1_P1_R1,671_T1_P1_R1_Take_2026-01-06_03.57.12_PM_001,,16612-16640,,,,,unknown,,unmapped,unmapped,session_datadescriptions_unverified_v0,session_datadescriptions_used_unverified,1,29,0,0,0,0,exclude,regional_risk_overlay,
671_T1_P1_R1,671_T1_P1_R1_Take_2026-01-06_03.57.12_PM_001,,16613,,,,,unknown,,unmapped,unmapped,session_datadescriptions_unverified_v0,session_datadescriptions_used_unverified,2,2,1,0,0,0,exclude,regional_risk_overlay,
671_T1_P1_R1,671_T1_P1_R1_Take_2026-01-06_03.57.12_PM_001,,16614,,,,,unknown,,unmapped,unmapped,session_datadescriptions_unverified_v0,session_datadescriptions_used_unverified,2,2,1,0,0,0,exclude,regional_risk_overlay,
671_T1_P1_R1,671_T1_P1_R1_Take_2026-01-06_03.57.12_PM_001,,16615,,,,,unknown,,unmapped,unmapped,session_datadescriptions_unverified_v0,session_datadescriptions_used_unverified,2,2,1,0,0,0,exclude,regional_risk_overlay,
671_T1_P1_R1,671_T1_P1_R1_Take_2026-01-06_03.57.12_PM_001,,16616,,,,,unknown,,unmapped,unmapped,session_datadescriptions_unverified_v0,session_datadescriptions_used_unverified,2,2,1,0,0,0,exclude,regional_risk_overlay,
671_T1_P1_R1,671_T1_P1_R1_Take_2026-01-06_03.57.12_PM_001,,16617,,,,,unknown,,unmapped,unmapped,session_datadescriptions_unverified_v0,session_datadescriptions_used_unverified,2,2,1,0,0,0,exclude,regional_risk_overlay,
671_T1_P1_R1,671_T1_P1_R1_Take_2026-01-06_03.57.12_PM_001,,16618,,,,,unknown,,unmapped,unmapped,session_datadescriptions_unverified_v0,session_datadescriptions_used_unverified,2,2,1,0,0,0,exclude,regional_risk_overlay,
671_T1_P1_R1,671_T1_P1_R1_Take_2026-01-06_03.57.12_PM_001,,16619,,,,,unknown,,unmapped,unmapped,session_datadescriptions_unverified_v0,session_datadescriptions_used_unverified,2,2,1,0,0,0,exclude,regional_risk_overlay,
671_T1_P1_R1,671_T1_P1_R1_Take_2026-01-06_03.57.12_PM_001,,16620,,,,,unknown,,unmapped,unmapped,session_datadescriptions_unverified_v0,session_datadescriptions_used_unverified,2,2,1,0,0,0,exclude,regional_risk_overlay,
671_T1_P1_R1,671_T1_P1_R1_Take_2026-01-06_03.57.12_PM_001,,16621,,,,,unknown,,unmapped,unmapped,session_datadescriptions_unverified_v0,session_datadescriptions_used_unverified,2,2,1,0,0,0,exclude,regional_risk_overlay,
671_T1_P1_R1,671_T1_P1_R1_Take_2026-01-06_03.57.12_PM_001,,16622,,,,,unknown,,unmapped,unmapped,session_datadescriptions_unverified_v0,session_datadescriptions_used_unverified,2,2,1,0,0,0,exclude,regional_risk_overlay,
671_T1_P1_R1,671_T1_P1_R1_Take_2026-01-06_03.57.12_PM_001,,16623,,,,,unknown,,unmapped,unmapped,session_datadescriptions_unverified_v0,session_datadescriptions_used_unverified,2,2,1,0,0,0,exclude,regional_risk_overlay,
671_T1_P1_R1,671_T1_P1_R1_Take_2026-01-06_03.57.12_PM_001,,16624,,,,,unknown,,unmapped,unmapped,session_datadescriptions_unverified_v0,session_datadescriptions_used_unverified,2,2,1,0,0,0,exclude,regional_risk_overlay,
671_T1_P1_R1,671_T1_P1_R1_Take_2026-01-06_03.57.12_PM_001,,16625,,,,,unknown,,unmapped,unmapped,session_datadescriptions_unverified_v0,session_datadescriptions_used_unverified,2,2,1,0,0,0,exclude,regional_risk_overlay,
671_T1_P1_R1,671_T1_P1_R1_Take_2026-01-06_03.57.12_PM_001,,16626,,,,,unknown,,unmapped,unmapped,session_datadescriptions_unverified_v0,session_datadescriptions_used_unverified,2,2,1,0,0,0,exclude,regional_risk_overlay,
671_T1_P1_R1,671_T1_P1_R1_Take_2026-01-06_03.57.12_PM_001,,16627,,,,,unknown,,unmapped,unmapped,session_datadescriptions_unverified_v0,session_datadescriptions_used_unverified,2,2,1,0,0,0,exclude,regional_risk_overlay,
671_T1_P1_R1,671_T1_P1_R1_Take_2026-01-06_03.57.12_PM_001,,16628,,,,,unknown,,unmapped,unmapped,session_datadescriptions_unverified_v0,session_datadescriptions_used_unverified,2,2,1,0,0,0,exclude,regional_risk_overlay,
671_T1_P1_R1,671_T1_P1_R1_Take_2026-01-06_03.57.12_PM_001,,16629,,,,,unknown,,unmapped,unmapped,session_datadescriptions_unverified_v0,session_datadescriptions_used_unverified,2,2,1,0,0,0,exclude,regional_risk_overlay,
671_T1_P1_R1,671_T1_P1_R1_Take_2026-01-06_03.57.12_PM_001,,16630,,,,,unknown,,unmapped,unmapped,session_datadescriptions_unverified_v0,session_datadescriptions_used_unverified,2,2,1,0,0,0,exclude,regional_risk_overlay,
671_T1_P1_R1,671_T1_P1_R1_Take_2026-01-06_03.57.12_PM_001,,16631,,,,,unknown,,unmapped,unmapped,session_datadescriptions_unverified_v0,session_datadescriptions_used_unverified,2,2,1,0,0,0,exclude,regional_risk_overlay,
671_T1_P1_R1,671_T1_P1_R1_Take_2026-01-06_03.57.12_PM_001,,16632,,,,,unknown,,unmapped,unmapped,session_datadescriptions_unverified_v0,session_datadescriptions_used_unverified,2,2,1,0,0,0,exclude,regional_risk_overlay,
671_T1_P1_R1,671_T1_P1_R1_Take_2026-01-06_03.57.12_PM_001,,16633,,,,,unknown,,unmapped,unmapped,session_datadescriptions_unverified_v0,session_datadescriptions_used_unverified,2,2,1,0,0,0,exclude,regional_risk_overlay,
671_T1_P1_R1,671_T1_P1_R1_Take_2026-01-06_03.57.12_PM_001,,16634,,,,,unknown,,unmapped,unmapped,session_datadescriptions_unverified_v0,session_datadescriptions_used_unverified,2,2,1,0,0,0,exclude,regional_risk_overlay,
671_T1_P1_R1,671_T1_P1_R1_Take_2026-01-06_03.57.12_PM_001,,16635,,,,,unknown,,unmapped,unmapped,session_datadescriptions_unverified_v0,session_datadescriptions_used_unverified,2,2,1,0,0,0,exclude,regional_risk_overlay,
671_T1_P1_R1,671_T1_P1_R1_Take_2026-01-06_03.57.12_PM_001,,16636,,,,,unknown,,unmapped,unmapped,session_datadescriptions_unverified_v0,session_datadescriptions_used_unverified,2,2,1,0,0,0,exclude,regional_risk_overlay,
671_T1_P1_R1,671_T1_P1_R1_Take_2026-01-06_03.57.12_PM_001,,16637,,,,,unknown,,unmapped,unmapped,session_datadescriptions_unverified_v0,session_datadescriptions_used_unverified,2,2,1,0,0,0,exclude,regional_risk_overlay,
671_T1_P1_R1,671_T1_P1_R1_Take_2026-01-06_03.57.12_PM_001,,16638,,,,,unknown,,unmapped,unmapped,session_datadescriptions_unverified_v0,session_datadescriptions_used_unverified,2,2,1,0,0,0,exclude,regional_risk_overlay,
671_T1_P1_R1,671_T1_P1_R1_Take_2026-01-06_03.57.12_PM_001,,16639,,,,,unknown,,unmapped,unmapped,session_datadescriptions_unverified_v0,session_datadescriptions_used_unverified,2,2,1,0,0,0,exclude,regional_risk_overlay,
671_T1_P1_R1,671_T1_P1_R1_Take_2026-01-06_03.57.12_PM_001,,16640,,,,,unknown,,unmapped,unmapped,session_datadescriptions_unverified_v0,session_datadescriptions_used_unverified,2,2,1,0,0,0,exclude,regional_risk_overlay,
671_T1_P1_R1,671_T1_P1_R1_Take_2026-01-06_03.57.12_PM_001,,16641,,,,,unknown,,unmapped,unmapped,session_datadescriptions_unverified_v0,session_datadescriptions_used_unverified,3,3,1,1,0,0,exclude,regional_risk_overlay,
671_T1_P1_R1,671_T1_P1_R1_Take_2026-01-06_03.57.12_PM_001,,16641-16678,,,,,unknown,,unmapped,unmapped,session_datadescriptions_unverified_v0,session_datadescriptions_used_unverified,1,38,0,0,0,0,exclude,regional_risk_overlay,
671_T1_P1_R1,671_T1_P1_R1_Take_2026-01-06_03.57.12_PM_001,,16642,,,,,unknown,,unmapped,unmapped,session_datadescriptions_unverified_v0,session_datadescriptions_used_unverified,3,3,1,1,0,0,exclude,regional_risk_overlay,
671_T1_P1_R1,671_T1_P1_R1_Take_2026-01-06_03.57.12_PM_001,,16643,,,,,unknown,,unmapped,unmapped,session_datadescriptions_unverified_v0,session_datadescriptions_used_unverified,3,3,1,1,0,0,exclude,regional_risk_overlay,
671_T1_P1_R1,671_T1_P1_R1_Take_2026-01-06_03.57.12_PM_001,,16644,,,,,unknown,,unmapped,unmapped,session_datadescriptions_unverified_v0,session_datadescriptions_used_unverified,3,3,1,1,0,0,exclude,regional_risk_overlay,
671_T1_P1_R1,671_T1_P1_R1_Take_2026-01-06_03.57.12_PM_001,,16645,,,,,unknown,,unmapped,unmapped,session_datadescriptions_unverified_v0,session_datadescriptions_used_unverified,3,3,1,1,0,0,exclude,regional_risk_overlay,
671_T1_P1_R1,671_T1_P1_R1_Take_2026-01-06_03.57.12_PM_001,,16646,,,,,unknown,,unmapped,unmapped,session_datadescriptions_unverified_v0,session_datadescriptions_used_unverified,3,3,1,1,0,0,exclude,regional_risk_overlay,
671_T1_P1_R1,671_T1_P1_R1_Take_2026-01-06_03.57.12_PM_001,,16647,,,,,unknown,,unmapped,unmapped,session_datadescriptions_unverified_v0,session_datadescriptions_used_unverified,3,3,1,1,0,0,exclude,regional_risk_overlay,
671_T1_P1_R1,671_T1_P1_R1_Take_2026-01-06_03.57.12_PM_001,,16648,,,,,unknown,,unmapped,unmapped,session_datadescriptions_unverified_v0,session_datadescriptions_used_unverified,3,3,1,1,0,0,exclude,regional_risk_overlay,
671_T1_P1_R1,671_T1_P1_R1_Take_2026-01-06_03.57.12_PM_001,,16649,,,,,unknown,,unmapped,unmapped,session_datadescriptions_unverified_v0,session_datadescriptions_used_unverified,3,3,1,1,0,0,exclude,regional_risk_overlay,
671_T1_P1_R1,671_T1_P1_R1_Take_2026-01-06_03.57.12_PM_001,,16650,,,,,unknown,,unmapped,unmapped,session_datadescriptions_unverified_v0,session_datadescriptions_used_unverified,3,3,1,1,0,0,exclude,regional_risk_overlay,
671_T1_P1_R1,671_T1_P1_R1_Take_2026-01-06_03.57.12_PM_001,,16651,,,,,unknown,,unmapped,unmapped,session_datadescriptions_unverified_v0,session_datadescriptions_used_unverified,3,3,1,1,0,0,exclude,regional_risk_overlay,
671_T1_P1_R1,671_T1_P1_R1_Take_2026-01-06_03.57.12_PM_001,,16652,,,,,unknown,,unmapped,unmapped,session_datadescriptions_unverified_v0,session_datadescriptions_used_unverified,3,3,1,1,0,0,exclude,regional_risk_overlay,
671_T1_P1_R1,671_T1_P1_R1_Take_2026-01-06_03.57.12_PM_001,,16653,,,,,unknown,,unmapped,unmapped,session_datadescriptions_unverified_v0,session_datadescriptions_used_unverified,3,3,1,1,0,0,exclude,regional_risk_overlay,
671_T1_P1_R1,671_T1_P1_R1_Take_2026-01-06_03.57.12_PM_001,,16654,,,,,unknown,,unmapped,unmapped,session_datadescriptions_unverified_v0,session_datadescriptions_used_unverified,3,3,1,1,0,0,exclude,regional_risk_overlay,
671_T1_P1_R1,671_T1_P1_R1_Take_2026-01-06_03.57.12_PM_001,,16655,,,,,unknown,,unmapped,unmapped,session_datadescriptions_unverified_v0,session_datadescriptions_used_unverified,3,3,1,1,0,0,exclude,regional_risk_overlay,
671_T1_P1_R1,671_T1_P1_R1_Take_2026-01-06_03.57.12_PM_001,,16656,,,,,unknown,,unmapped,unmapped,session_datadescriptions_unverified_v0,session_datadescriptions_used_unverified,3,3,1,1,0,0,exclude,regional_risk_overlay,
671_T1_P1_R1,671_T1_P1_R1_Take_2026-01-06_03.57.12_PM_001,,16657,,,,,unknown,,unmapped,unmapped,session_datadescriptions_unverified_v0,session_datadescriptions_used_unverified,3,3,1,1,0,0,exclude,regional_risk_overlay,
671_T1_P1_R1,671_T1_P1_R1_Take_2026-01-06_03.57.12_PM_001,,16658,,,,,unknown,,unmapped,unmapped,session_datadescriptions_unverified_v0,session_datadescriptions_used_unverified,3,3,1,1,0,0,exclude,regional_risk_overlay,
671_T1_P1_R1,671_T1_P1_R1_Take_2026-01-06_03.57.12_PM_001,,16659,,,,,unknown,,unmapped,unmapped,session_datadescriptions_unverified_v0,session_datadescriptions_used_unverified,3,3,1,1,0,0,exclude,regional_risk_overlay,
671_T1_P1_R1,671_T1_P1_R1_Take_2026-01-06_03.57.12_PM_001,,16660,,,,,unknown,,unmapped,unmapped,session_datadescriptions_unverified_v0,session_datadescriptions_used_unverified,3,3,1,1,0,0,exclude,regional_risk_overlay,
671_T1_P1_R1,671_T1_P1_R1_Take_2026-01-06_03.57.12_PM_001,,16661,,,,,unknown,,unmapped,unmapped,session_datadescriptions_unverified_v0,session_datadescriptions_used_unverified,3,3,1,1,0,0,exclude,regional_risk_overlay,
671_T1_P1_R1,671_T1_P1_R1_Take_2026-01-06_03.57.12_PM_001,,16662,,,,,unknown,,unmapped,unmapped,session_datadescriptions_unverified_v0,session_datadescriptions_used_unverified,3,3,1,1,0,0,exclude,regional_risk_overlay,
671_T1_P1_R1,671_T1_P1_R1_Take_2026-01-06_03.57.12_PM_001,,16663,,,,,unknown,,unmapped,unmapped,session_datadescriptions_unverified_v0,session_datadescriptions_used_unverified,3,3,1,1,0,0,exclude,regional_risk_overlay,
671_T1_P1_R1,671_T1_P1_R1_Take_2026-01-06_03.57.12_PM_001,,16664,,,,,unknown,,unmapped,unmapped,session_datadescriptions_unverified_v0,session_datadescriptions_used_unverified,3,3,1,1,0,0,exclude,regional_risk_overlay,
671_T1_P1_R1,671_T1_P1_R1_Take_2026-01-06_03.57.12_PM_001,,16665,,,,,unknown,,unmapped,unmapped,session_datadescriptions_unverified_v0,session_datadescriptions_used_unverified,3,3,1,1,0,0,exclude,regional_risk_overlay,
671_T1_P1_R1,671_T1_P1_R1_Take_2026-01-06_03.57.12_PM_001,,16666,,,,,unknown,,unmapped,unmapped,session_datadescriptions_unverified_v0,session_datadescriptions_used_unverified,3,3,1,1,0,0,exclude,regional_risk_overlay,
671_T1_P1_R1,671_T1_P1_R1_Take_2026-01-06_03.57.12_PM_001,,16667,,,,,unknown,,unmapped,unmapped,session_datadescriptions_unverified_v0,session_datadescriptions_used_unverified,3,3,1,1,0,0,exclude,regional_risk_overlay,
671_T1_P1_R1,671_T1_P1_R1_Take_2026-01-06_03.57.12_PM_001,,16668,,,,,unknown,,unmapped,unmapped,session_datadescriptions_unverified_v0,session_datadescriptions_used_unverified,3,3,1,1,0,0,exclude,regional_risk_overlay,
671_T1_P1_R1,671_T1_P1_R1_Take_2026-01-06_03.57.12_PM_001,,16669,,,,,unknown,,unmapped,unmapped,session_datadescriptions_unverified_v0,session_datadescriptions_used_unverified,3,3,1,1,0,0,exclude,regional_risk_overlay,
671_T1_P1_R1,671_T1_P1_R1_Take_2026-01-06_03.57.12_PM_001,,16670,,,,,unknown,,unmapped,unmapped,session_datadescriptions_unverified_v0,session_datadescriptions_used_unverified,3,3,1,1,0,0,exclude,regional_risk_overlay,
671_T1_P1_R1,671_T1_P1_R1_Take_2026-01-06_03.57.12_PM_001,,16671,,,,,unknown,,unmapped,unmapped,session_datadescriptions_unverified_v0,session_datadescriptions_used_unverified,3,3,1,1,0,0,exclude,regional_risk_overlay,
671_T1_P1_R1,671_T1_P1_R1_Take_2026-01-06_03.57.12_PM_001,,16672,,,,,unknown,,unmapped,unmapped,session_datadescriptions_unverified_v0,session_datadescriptions_used_unverified,3,3,1,1,0,0,exclude,regional_risk_overlay,
671_T1_P1_R1,671_T1_P1_R1_Take_2026-01-06_03.57.12_PM_001,,16673,,,,,unknown,,unmapped,unmapped,session_datadescriptions_unverified_v0,session_datadescriptions_used_unverified,3,3,1,1,0,0,exclude,regional_risk_overlay,
671_T1_P1_R1,671_T1_P1_R1_Take_2026-01-06_03.57.12_PM_001,,16674,,,,,unknown,,unmapped,unmapped,session_datadescriptions_unverified_v0,session_datadescriptions_used_unverified,3,3,1,1,0,0,exclude,regional_risk_overlay,
671_T1_P1_R1,671_T1_P1_R1_Take_2026-01-06_03.57.12_PM_001,,16675,,,,,unknown,,unmapped,unmapped,session_datadescriptions_unverified_v0,session_datadescriptions_used_unverified,3,3,1,1,0,0,exclude,regional_risk_overlay,
671_T1_P1_R1,671_T1_P1_R1_Take_2026-01-06_03.57.12_PM_001,,16676,,,,,unknown,,unmapped,unmapped,session_datadescriptions_unverified_v0,session_datadescriptions_used_unverified,3,3,1,1,0,0,exclude,regional_risk_overlay,
671_T1_P1_R1,671_T1_P1_R1_Take_2026-01-06_03.57.12_PM_001,,16677,,,,,unknown,,unmapped,unmapped,session_datadescriptions_unverified_v0,session_datadescriptions_used_unverified,3,3,1,1,0,0,exclude,regional_risk_overlay,
671_T1_P1_R1,671_T1_P1_R1_Take_2026-01-06_03.57.12_PM_001,,16678,,,,,unknown,,unmapped,unmapped,session_datadescriptions_unverified_v0,session_datadescriptions_used_unverified,3,3,1,1,0,0,exclude,regional_risk_overlay,
671_T1_P1_R1,671_T1_P1_R1_Take_2026-01-06_03.57.12_PM_001,,16679,,,,,unknown,,unmapped,unmapped,session_datadescriptions_unverified_v0,session_datadescriptions_used_unverified,2,2,0,1,0,0,caution,regional_risk_overlay,
671_T1_P1_R1,671_T1_P1_R1_Take_2026-01-06_03.57.12_PM_001,,16679-16681,,,,,unknown,,unmapped,unmapped,session_datadescriptions_unverified_v0,session_datadescriptions_used_unverified,1,3,0,0,0,0,caution,regional_risk_overlay,
671_T1_P1_R1,671_T1_P1_R1_Take_2026-01-06_03.57.12_PM_001,,16680,,,,,unknown,,unmapped,unmapped,session_datadescriptions_unverified_v0,session_datadescriptions_used_unverified,2,2,0,1,0,0,caution,regional_risk_overlay,
671_T1_P1_R1,671_T1_P1_R1_Take_2026-01-06_03.57.12_PM_001,,16681,,,,,unknown,,unmapped,unmapped,session_datadescriptions_unverified_v0,session_datadescriptions_used_unverified,2,2,0,1,0,0,caution,regional_risk_overlay,
671_T1_P1_R1,671_T1_P1_R1_Take_2026-01-06_03.57.12_PM_001,,16682,,,,,unknown,,unmapped,unmapped,session_datadescriptions_unverified_v0,session_datadescriptions_used_unverified,2,2,0,0,0,0,caution,regional_risk_overlay,
671_T1_P1_R1,671_T1_P1_R1_Take_2026-01-06_03.57.12_PM_001,,16682-16686,,,,,unknown,,unmapped,unmapped,session_datadescriptions_unverified_v0,session_datadescriptions_used_unverified,1,5,0,0,0,0,caution,regional_risk_overlay,
671_T1_P1_R1,671_T1_P1_R1_Take_2026-01-06_03.57.12_PM_001,,16683,,,,,unknown,,unmapped,unmapped,session_datadescriptions_unverified_v0,session_datadescriptions_used_unverified,2,2,0,0,0,0,caution,regional_risk_overlay,
671_T1_P1_R1,671_T1_P1_R1_Take_2026-01-06_03.57.12_PM_001,,16684,,,,,unknown,,unmapped,unmapped,session_datadescriptions_unverified_v0,session_datadescriptions_used_unverified,2,2,0,0,0,0,caution,regional_risk_overlay,
671_T1_P1_R1,671_T1_P1_R1_Take_2026-01-06_03.57.12_PM_001,,16685,,,,,unknown,,unmapped,unmapped,session_datadescriptions_unverified_v0,session_datadescriptions_used_unverified,2,2,0,0,0,0,caution,regional_risk_overlay,
671_T1_P1_R1,671_T1_P1_R1_Take_2026-01-06_03.57.12_PM_001,,16686,,,,,unknown,,unmapped,unmapped,session_datadescriptions_unverified_v0,session_datadescriptions_used_unverified,2,2,0,0,0,0,caution,regional_risk_overlay,
671_T1_P1_R1,671_T1_P1_R1_Take_2026-01-06_03.57.12_PM_001,,16716,,,,,unknown,,unmapped,unmapped,session_datadescriptions_unverified_v0,session_datadescriptions_used_unverified,2,2,0,1,0,0,caution,regional_risk_overlay,
671_T1_P1_R1,671_T1_P1_R1_Take_2026-01-06_03.57.12_PM_001,,16716-16747,,,,,unknown,,unmapped,unmapped,session_datadescriptions_unverified_v0,session_datadescriptions_used_unverified,1,32,0,0,0,0,caution,regional_risk_overlay,
671_T1_P1_R1,671_T1_P1_R1_Take_2026-01-06_03.57.12_PM_001,,16717,,,,,unknown,,unmapped,unmapped,session_datadescriptions_unverified_v0,session_datadescriptions_used_unverified,2,2,0,1,0,0,caution,regional_risk_overlay,
671_T1_P1_R1,671_T1_P1_R1_Take_2026-01-06_03.57.12_PM_001,,16718,,,,,unknown,,unmapped,unmapped,session_datadescriptions_unverified_v0,session_datadescriptions_used_unverified,2,2,0,1,0,0,caution,regional_risk_overlay,
671_T1_P1_R1,671_T1_P1_R1_Take_2026-01-06_03.57.12_PM_001,,16719,,,,,unknown,,unmapped,unmapped,session_datadescriptions_unverified_v0,session_datadescriptions_used_unverified,2,2,0,1,0,0,caution,regional_risk_overlay,
671_T1_P1_R1,671_T1_P1_R1_Take_2026-01-06_03.57.12_PM_001,,16720,,,,,unknown,,unmapped,unmapped,session_datadescriptions_unverified_v0,session_datadescriptions_used_unverified,2,2,0,1,0,0,caution,regional_risk_overlay,
671_T1_P1_R1,671_T1_P1_R1_Take_2026-01-06_03.57.12_PM_001,,16721,,,,,unknown,,unmapped,unmapped,session_datadescriptions_unverified_v0,session_datadescriptions_used_unverified,2,2,0,1,0,0,caution,regional_risk_overlay,
671_T1_P1_R1,671_T1_P1_R1_Take_2026-01-06_03.57.12_PM_001,,16722,,,,,unknown,,unmapped,unmapped,session_datadescriptions_unverified_v0,session_datadescriptions_used_unverified,2,2,0,1,0,0,caution,regional_risk_overlay,
671_T1_P1_R1,671_T1_P1_R1_Take_2026-01-06_03.57.12_PM_001,,16723,,,,,unknown,,unmapped,unmapped,session_datadescriptions_unverified_v0,session_datadescriptions_used_unverified,2,2,0,1,0,0,caution,regional_risk_overlay,
671_T1_P1_R1,671_T1_P1_R1_Take_2026-01-06_03.57.12_PM_001,,16724,,,,,unknown,,unmapped,unmapped,session_datadescriptions_unverified_v0,session_datadescriptions_used_unverified,2,2,0,1,0,0,caution,regional_risk_overlay,
671_T1_P1_R1,671_T1_P1_R1_Take_2026-01-06_03.57.12_PM_001,,16725,,,,,unknown,,unmapped,unmapped,session_datadescriptions_unverified_v0,session_datadescriptions_used_unverified,2,2,0,1,0,0,caution,regional_risk_overlay,
671_T1_P1_R1,671_T1_P1_R1_Take_2026-01-06_03.57.12_PM_001,,16726,,,,,unknown,,unmapped,unmapped,session_datadescriptions_unverified_v0,session_datadescriptions_used_unverified,2,2,0,1,0,0,caution,regional_risk_overlay,
671_T1_P1_R1,671_T1_P1_R1_Take_2026-01-06_03.57.12_PM_001,,16727,,,,,unknown,,unmapped,unmapped,session_datadescriptions_unverified_v0,session_datadescriptions_used_unverified,2,2,0,1,0,0,caution,regional_risk_overlay,
671_T1_P1_R1,671_T1_P1_R1_Take_2026-01-06_03.57.12_PM_001,,16728,,,,,unknown,,unmapped,unmapped,session_datadescriptions_unverified_v0,session_datadescriptions_used_unverified,2,2,0,1,0,0,caution,regional_risk_overlay,
671_T1_P1_R1,671_T1_P1_R1_Take_2026-01-06_03.57.12_PM_001,,16729,,,,,unknown,,unmapped,unmapped,session_datadescriptions_unverified_v0,session_datadescriptions_used_unverified,2,2,0,1,0,0,caution,regional_risk_overlay,
671_T1_P1_R1,671_T1_P1_R1_Take_2026-01-06_03.57.12_PM_001,,16730,,,,,unknown,,unmapped,unmapped,session_datadescriptions_unverified_v0,session_datadescriptions_used_unverified,2,2,0,1,0,0,caution,regional_risk_overlay,
671_T1_P1_R1,671_T1_P1_R1_Take_2026-01-06_03.57.12_PM_001,,16731,,,,,unknown,,unmapped,unmapped,session_datadescriptions_unverified_v0,session_datadescriptions_used_unverified,2,2,0,1,0,0,caution,regional_risk_overlay,
671_T1_P1_R1,671_T1_P1_R1_Take_2026-01-06_03.57.12_PM_001,,16732,,,,,unknown,,unmapped,unmapped,session_datadescriptions_unverified_v0,session_datadescriptions_used_unverified,2,2,0,1,0,0,caution,regional_risk_overlay,
671_T1_P1_R1,671_T1_P1_R1_Take_2026-01-06_03.57.12_PM_001,,16733,,,,,unknown,,unmapped,unmapped,session_datadescriptions_unverified_v0,session_datadescriptions_used_unverified,2,2,0,1,0,0,caution,regional_risk_overlay,
671_T1_P1_R1,671_T1_P1_R1_Take_2026-01-06_03.57.12_PM_001,,16734,,,,,unknown,,unmapped,unmapped,session_datadescriptions_unverified_v0,session_datadescriptions_used_unverified,2,2,0,1,0,0,caution,regional_risk_overlay,
671_T1_P1_R1,671_T1_P1_R1_Take_2026-01-06_03.57.12_PM_001,,16735,,,,,unknown,,unmapped,unmapped,session_datadescriptions_unverified_v0,session_datadescriptions_used_unverified,2,2,0,1,0,0,caution,regional_risk_overlay,
671_T1_P1_R1,671_T1_P1_R1_Take_2026-01-06_03.57.12_PM_001,,16736,,,,,unknown,,unmapped,unmapped,session_datadescriptions_unverified_v0,session_datadescriptions_used_unverified,2,2,0,1,0,0,caution,regional_risk_overlay,
671_T1_P1_R1,671_T1_P1_R1_Take_2026-01-06_03.57.12_PM_001,,16737,,,,,unknown,,unmapped,unmapped,session_datadescriptions_unverified_v0,session_datadescriptions_used_unverified,2,2,0,1,0,0,caution,regional_risk_overlay,
671_T1_P1_R1,671_T1_P1_R1_Take_2026-01-06_03.57.12_PM_001,,16738,,,,,unknown,,unmapped,unmapped,session_datadescriptions_unverified_v0,session_datadescriptions_used_unverified,2,2,0,1,0,0,caution,regional_risk_overlay,
671_T1_P1_R1,671_T1_P1_R1_Take_2026-01-06_03.57.12_PM_001,,16739,,,,,unknown,,unmapped,unmapped,session_datadescriptions_unverified_v0,session_datadescriptions_used_unverified,2,2,0,1,0,0,caution,regional_risk_overlay,
671_T1_P1_R1,671_T1_P1_R1_Take_2026-01-06_03.57.12_PM_001,,16740,,,,,unknown,,unmapped,unmapped,session_datadescriptions_unverified_v0,session_datadescriptions_used_unverified,2,2,0,1,0,0,caution,regional_risk_overlay,
671_T1_P1_R1,671_T1_P1_R1_Take_2026-01-06_03.57.12_PM_001,,16741,,,,,unknown,,unmapped,unmapped,session_datadescriptions_unverified_v0,session_datadescriptions_used_unverified,2,2,0,1,0,0,caution,regional_risk_overlay,
671_T1_P1_R1,671_T1_P1_R1_Take_2026-01-06_03.57.12_PM_001,,16742,,,,,unknown,,unmapped,unmapped,session_datadescriptions_unverified_v0,session_datadescriptions_used_unverified,2,2,0,1,0,0,caution,regional_risk_overlay,
671_T1_P1_R1,671_T1_P1_R1_Take_2026-01-06_03.57.12_PM_001,,16743,,,,,unknown,,unmapped,unmapped,session_datadescriptions_unverified_v0,session_datadescriptions_used_unverified,2,2,0,1,0,0,caution,regional_risk_overlay,
671_T1_P1_R1,671_T1_P1_R1_Take_2026-01-06_03.57.12_PM_001,,16744,,,,,unknown,,unmapped,unmapped,session_datadescriptions_unverified_v0,session_datadescriptions_used_unverified,2,2,0,1,0,0,caution,regional_risk_overlay,
671_T1_P1_R1,671_T1_P1_R1_Take_2026-01-06_03.57.12_PM_001,,16745,,,,,unknown,,unmapped,unmapped,session_datadescriptions_unverified_v0,session_datadescriptions_used_unverified,2,2,0,1,0,0,caution,regional_risk_overlay,
671_T1_P1_R1,671_T1_P1_R1_Take_2026-01-06_03.57.12_PM_001,,16746,,,,,unknown,,unmapped,unmapped,session_datadescriptions_unverified_v0,session_datadescriptions_used_unverified,2,2,0,1,0,0,caution,regional_risk_overlay,
671_T1_P1_R1,671_T1_P1_R1_Take_2026-01-06_03.57.12_PM_001,,16747,,,,,unknown,,unmapped,unmapped,session_datadescriptions_unverified_v0,session_datadescriptions_used_unverified,2,2,0,1,0,0,caution,regional_risk_overlay,
671_T1_P1_R1,671_T1_P1_R1_Take_2026-01-06_03.57.12_PM_001,,16886,,,,,unknown,,unmapped,unmapped,session_datadescriptions_unverified_v0,session_datadescriptions_used_unverified,2,2,0,0,1,0,caution,regional_risk_overlay,
671_T1_P1_R1,671_T1_P1_R1_Take_2026-01-06_03.57.12_PM_001,,16886-16886,,,,,unknown,,unmapped,unmapped,session_datadescriptions_unverified_v0,session_datadescriptions_used_unverified,1,1,0,0,1,0,caution,regional_risk_overlay,
671_T1_P1_R1,671_T1_P1_R1_Take_2026-01-06_03.57.12_PM_001,,16888,,,,,unknown,,unmapped,unmapped,session_datadescriptions_unverified_v0,session_datadescriptions_used_unverified,2,2,0,0,1,0,caution,regional_risk_overlay,
671_T1_P1_R1,671_T1_P1_R1_Take_2026-01-06_03.57.12_PM_001,,16888-16888,,,,,unknown,,unmapped,unmapped,session_datadescriptions_unverified_v0,session_datadescriptions_used_unverified,1,1,0,0,1,0,caution,regional_risk_overlay,
671_T1_P1_R1,671_T1_P1_R1_Take_2026-01-06_03.57.12_PM_001,,16942,,,,,unknown,,unmapped,unmapped,session_datadescriptions_unverified_v0,session_datadescriptions_used_unverified,2,2,0,0,1,0,caution,regional_risk_overlay,
671_T1_P1_R1,671_T1_P1_R1_Take_2026-01-06_03.57.12_PM_001,,16942-16942,,,,,unknown,,unmapped,unmapped,session_datadescriptions_unverified_v0,session_datadescriptions_used_unverified,1,1,0,0,1,0,caution,regional_risk_overlay,
671_T1_P1_R1,671_T1_P1_R1_Take_2026-01-06_03.57.12_PM_001,,16962,,,,,unknown,,unmapped,unmapped,session_datadescriptions_unverified_v0,session_datadescriptions_used_unverified,2,2,0,0,1,0,caution,regional_risk_overlay,
671_T1_P1_R1,671_T1_P1_R1_Take_2026-01-06_03.57.12_PM_001,,16962-16962,,,,,unknown,,unmapped,unmapped,session_datadescriptions_unverified_v0,session_datadescriptions_used_unverified,1,1,0,0,1,0,caution,regional_risk_overlay,
